Unnamed: 0,GPX4,AIFM2,SLC7A11,CARS1,CBS,TST,MPST
ACH-000849,0.693912282766292,-1.28590811552566,-0.813090459447706,0.203790110267783,1.44508121565069,1.52421883291393,0.143679644196592
ACH-000441,0.7202021681678,0.857103361986845,-0.126460083600978,0.164991917406068,0.0734150020259021,0.649362229189688,1.00004705010071
ACH-000248,-0.987816569595475,1.00118155380185,-0.769761445842484,-0.212683964938527,-1.61827602959258,-0.138665432521617,-0.271533165504528
ACH-000684,-0.743698099216283,-0.344476592366587,-0.0499524955952558,0.200519117850973,-0.720024183723368,-0.874138660604631,-0.218137363752836
ACH-000856,0.916936782053383,-0.858387062359278,-0.147790999568028,-0.621584536676304,1.47819160542826,-0.184998244090884,0.117864340092026
ACH-000348,0.184687071953319,0.272408384003607,-0.473313608342743,0.245368272604714,-0.421969573487812,-1.05932776830161,-0.547843750570111
ACH-000062,-0.0268297033119701,0.076276573777339,1.95378744794385,-0.323156983238064,-0.263885863268466,0.281931698487828,-0.423024188195284
ACH-000650,-0.715366742930611,0.944945923744036,-0.114919325194778,-0.074904629312957,0.55018504845052,-0.156032010072764,-0.0240288218286306
ACH-000484,-0.0845511231288021,-0.993344328767782,0.639922943712085,0.378768305424434,-1.63688445269148,-0.0112706035413264,0.275854176177293
ACH-000625,0.277213995011322,0.391731587887175,-0.524465059364753,0.191468491095276,2.70477670059186,1.93824424323561,2.13071691499508
ACH-000739,-0.650886448714982,0.26822393461783,0.275516044399902,-0.187217189877161,0.208998956409228,1.72170138330182,1.46750688431415
ACH-000361,-0.666890868307389,-0.798899603039766,-0.383130066121903,0.8434239349206,0.190834867376711,-1.00345075389057,-0.431728198332852
ACH-001239,1.19271371076882,-0.170941658413668,-0.174438699869603,-0.0295368215368932,-0.696972462845665,-0.645235636898569,-0.474338449577985
ACH-000250,-0.792248697892374,-0.19997050801883,0.477628667132034,-0.238485862390477,-2.26565015655818,-0.204539645825806,-0.363806050983419
ACH-000014,0.151976543040669,-0.101130932609213,-0.515006345817383,-0.587180093636022,-1.1431965810267,-0.799464831815182,-1.19878684305799
ACH-000713,-0.0374039638843217,0.918741235123215,0.477005352800942,-0.868894878230857,0.522737711451072,0.742428847202347,-0.073220362645153
ACH-000753,0.290654031253883,0.513312524199808,0.116058086925792,0.228702237886763,0.0614267937077838,-1.27958312734033,-0.570699790795023
ACH-000023,0.240368377069104,0.168014883840688,,0.360521029016764,-1.34165601675062,-1.00222404871868,-0.199504644463753
ACH-000711,-0.626707190398721,-0.465687527173752,,-0.387714196225054,0.673959765644161,-0.188629857398211,-0.335942471660722
ACH-000278,-0.124196046863395,-0.0191979433666576,,-0.659018231939337,0.50852007169835,-0.175777814731311,-0.532983997286473
ACH-000028,0.0262606078094809,-0.358161685891526,,-0.26577340242275,0.925106776592833,1.67713274325554,0.0870879231193967
ACH-000219,-0.0832596950029492,-0.175941411587492,,0.414073323286364,-0.565261647181129,-0.87080760379822,-0.537031094097692
ACH-000788,-0.0721942327628053,0.0641382240549406,,0.288409669068655,0.055503216022568,-0.596140646716002,-0.0551381568785068
ACH-000651,0.0994148520975793,0.652318898911367,,0.642560541448343,-0.102210124316915,0.491785534531135,0.554460617249679
ACH-000935,0.71038733461997,-0.460260088643793,,0.109687571367606,-0.884269626443846,-0.673626536075831,-0.0439740701195244
ACH-000475,-0.3978038840169,1.06425948704193,,-0.54556504868516,0.247652495122975,1.54116299789818,1.12173992582909
ACH-000971,-0.380308927857208,0.578390914236254,0.497953241075562,0.781375432049938,-1.35272498076739,-0.0704437532618717,-0.0254647575795707
ACH-000393,-1.21210055040245,0.123662758986859,-0.576458818388161,-0.262887320880328,0.679764148428013,-0.110096145963643,-0.323127663374903
ACH-000552,0.646320614147653,0.348984944203651,0.655785258853035,0.0034304258944852,-1.10066017402736,0.488142891001774,-0.2986014912663
ACH-000528,0.152738757850154,-2.02057381576735,1.11677542133733,0.191902991577291,1.64633307936776,-1.05424242898016,-1.05128753262462
ACH-000783,1.81534250151043,-2.17397465857414,-0.888131553223483,0.370741575448831,0.52495815604761,-0.668679888466361,-0.0423844421802784
ACH-000943,-1.10949193671414,0.910062657078159,-0.252077416580276,-0.0873852759747854,-1.67857893913222,-0.599515943596168,0.0317281125798233
ACH-000986,0.286009415137676,1.24061313324568,0.364841371807851,0.612825030304569,-1.27253299516128,0.701625819211164,0.0815735682070357
ACH-000734,-0.687285774983161,0.866726035841895,-0.561796937886562,-0.627037461221927,1.22141512705233,2.19295152846563,2.55111813182765
ACH-000423,0.232418358534652,0.0039586973432829,-0.0819567099622029,-0.974117645042623,-0.741078244220881,-0.484605854400647,-0.545752474674808
ACH-000860,-0.520868298313305,-0.845805787252461,0.253333107326609,-0.568684780943747,1.08104321047769,-1.24131517451111,-0.646160398038247
ACH-000547,0.243600248388894,0.593247876696251,-0.184929022520462,-0.573221226264879,-0.571854172209996,-0.913410139199968,-1.43323700145669
ACH-000480,-0.460611248947767,0.376821189937515,0.430982456709257,-0.165025316597231,1.36258405966762,1.45800141315294,1.26717771701955
ACH-000847,1.44406004665634,-1.85190987259982,0.2625659034787,1.41062274933171,-2.15591072330535,-0.284377052692566,0.45665251911506
ACH-000749,-0.496750759890381,-1.68319212826933,-1.19319344823886,-0.551471891436934,1.20563376706533,-0.650487862884821,0.177956412471838
ACH-000510,-0.245104500177851,0.183384232162978,0.244764375325905,0.236862756304912,0.837168541941641,-1.56110894974213,-0.913223403741684
ACH-000615,0.270964060172289,0.479181987679013,0.217208531088179,-0.180009063096064,-1.17100885305629,0.478952101805419,-0.15564911526353
ACH-000234,-0.0646732331616338,0.604976381860597,1.3877872496982,0.467964297793211,-1.02947003775879,0.133636129022905,0.206311296713662
ACH-000926,-0.154384933301673,1.58079214266934,-0.56864207858879,-0.676021600837461,-1.40038119597635,2.83290070720637,1.19048631320383
ACH-000866,1.55398687310697,-0.413340154035904,,-0.0625204944241499,2.84386914166554,-0.629310909668489,-0.155000109487115
ACH-000778,-0.857338092244663,-0.441710644963309,,0.003423902773968,-1.22556642749539,-0.793092741425355,-0.697289028918205
ACH-000820,-0.980379958727344,0.368539306890682,,-0.14531192777311,-1.09523225828732,1.62735947194608,1.29721970736523
ACH-000288,0.368054641303445,-0.288461334866654,,-0.0975443322569609,0.559358927987609,-0.355360636465108,-0.0026835003336649
ACH-000467,-0.646931467035502,0.753631215615384,,0.661498812706884,-0.811144269237911,1.42505641686618,0.481517923485303
ACH-000857,-0.196817861811529,-0.963027654279239,,-0.927074314991772,-0.763728263215658,0.619084708911128,-0.158800766070145
ACH-000621,0.695485205497454,-0.432375208562147,,0.334898146350233,0.273657038481921,-0.792335265002565,-0.46647595365703
ACH-000958,0.0978414016627947,1.26339901635078,,0.191351077688215,-0.887570137630568,0.339668840982148,-0.299780453582028
ACH-000550,-0.305191154147861,0.678912257971191,,-0.0933692196669889,-0.133087105907607,-0.314022273306911,0.432760568076458
ACH-000019,0.344213988751603,-0.185752309641419,-1.29111555561395,-0.116221249876214,0.101423025042501,2.75973780425423,0.660079814817054
ACH-000415,-1.17694629168557,-0.533466665948375,-0.187102370398638,-1.01787380161157,-1.83752372959232,0.0141606345613064,-0.27080555967736
ACH-000661,0.941807597250969,0.742791286894318,-0.0876228571169961,-0.184513759591408,-0.575292264791102,-0.570898369202506,-0.118885471178624
ACH-000915,0.413671139574095,1.14747623248969,1.31457971124328,0.686776510451437,0.408618284750084,-1.00042200403568,0.270593880930029
ACH-000021,-0.720937545281152,-0.506641373391856,0.649819592569516,-0.33365850615931,0.41008096784079,-0.504898661456369,-1.17205707506172
ACH-000859,0.138780031954321,-1.02892681737618,0.701399994642155,-0.182221335936063,0.13164288323345,-0.200340103357243,-0.0990543899866467
ACH-000430,0.0908494298386138,0.702069590082054,0.670151277523835,1.15396478059937,0.210959824045498,-0.740376600138561,-0.13269394301256
ACH-000530,0.283821455548224,-1.08800225561895,-0.785950936533437,0.324939598574246,1.80222208852125,-1.01023705624617,0.299652718225559
ACH-000647,-0.190818291438257,0.874569676196319,-0.944046969027036,-0.86905401174416,-0.976086731800469,1.13232002245622,0.200092903310117
ACH-000502,0.283553369790788,-0.241094997535393,-0.383924966139124,0.3697418433044,-2.431393867074,-0.467122789536383,-0.747336427547403
ACH-000390,-1.47912038310625,0.565189111056509,1.95075377537403,-1.42886827105426,-0.939459365020034,-0.0577888792853548,-0.978310833997114
ACH-000881,-0.164546731581416,0.430332657909708,1.78903813666527,0.760110665405057,1.91492205106073,-0.791966007713511,0.463842014044329
ACH-000147,0.0220575545427525,-1.47983165760909,-1.86812007940389,-0.18425622355198,0.066434200426452,-0.610262510473645,-0.521684516160772
ACH-000985,1.00106523887628,1.71592401307402,0.008460353404733,0.416065256049256,-1.71584161194291,2.14213628453632,0.915347132240732
ACH-000090,0.328252065273368,-0.592658323836317,-0.285587588270342,0.134946850491588,-0.757235243162972,-0.828749038177957,-0.386072701369315
ACH-000865,0.269880990575802,-0.425019724977014,0.171872549418395,0.366965712787191,2.99145691741107,-0.382526597210563,-0.0862111636586422
ACH-000473,0.581612321111779,-0.681694605947928,-0.0693173932425554,-0.879925786245673,-0.210292982881633,-0.428567312497182,0.490119411358813
ACH-000007,-0.946393215642639,1.15365051649449,-0.575689666693558,-0.106032384888065,-1.4095840183511,2.18897584798931,0.767174849140024
ACH-000012,0.283310522338826,-2.20604579466825,0.91616964364158,-0.342734949792257,0.4067938464122,1.25941283637518,-0.182639256545549
ACH-000929,-0.374230377049443,0.70735556146791,2.10612770902215,-0.375975914572109,1.42208638230834,0.083945789496053,0.559724973404319
ACH-000601,-0.660761325224498,-0.297503327871938,-1.38468366995268,-0.845836358875484,0.963057692986824,0.171385087841466,-0.34858929938393
ACH-000395,-0.266052787688803,1.72502344252907,0.773795491651739,-0.0878771647294414,0.841434382990413,-0.539431542321637,-0.694789549252186
ACH-000842,-0.619421971855783,0.244127162354497,-2.27880595183674,-0.558068309938568,-1.66496786659442,0.659460033250189,0.101332208577694
ACH-000383,-0.926982128074675,0.620491836020971,1.44116228257812,0.027412075128474,-2.60005781108068,0.441958020089619,0.306152927252107
ACH-000097,0.502433202850229,-0.112478620857487,-1.510666258929,0.44136238783057,-1.03678500199204,-0.826958030316352,-0.166170791352097
ACH-000805,0.111665963762609,-0.224675609643442,-0.484427291571022,0.320125201290883,0.468793675124491,0.0593572906477222,0.0040329564396473
ACH-000649,1.36086222137478,-0.352259610359205,0.519803234330496,0.726262044071903,-0.120827133619718,-0.782471566755352,0.159778339199368
ACH-000276,0.457285871077133,0.407680520666304,-0.501740234301224,-0.924995909417812,-0.020701389403055,-0.929464559980046,-0.540955505989692
ACH-000347,1.15318127429773,0.46045709352101,0.384382832986876,-0.126569442619836,-0.0560011184249845,-0.44905098707029,0.437439569235197
ACH-000454,-1.06990032058849,0.665222333411693,2.79988641021327,-0.288555945379298,-0.347187978694907,0.0147690701475204,-0.0661836009955613
ACH-000769,-2.03335081053009,0.99336102329061,1.69209732540664,-0.0426079446110932,1.97333888510812,0.0093259576008841,-0.460099556106755
ACH-000617,-0.322246896046235,-1.25994304721335,-1.30718058797907,-0.502411135218353,0.744449804980898,1.27782447202937,-0.0437993447724942
ACH-000582,0.437890032033294,0.253969719431872,0.673040656659481,0.86950788958573,0.385475448284909,0.2002264532911,-0.0563460845637876
ACH-000035,-0.785751549722703,-0.567821943202263,-1.1959337405011,-0.167271142285325,-0.248270472384488,-0.427427472719702,-0.774617813269216
ACH-000579,-0.0598816328174079,-0.346135481079928,-0.427976387140083,-0.504711055562336,-1.27325312996331,-1.37781471614131,-0.390059929797346
ACH-000916,-0.954583118316845,0.129746367792635,2.43641738663803,-1.40955061712529,0.40864995517973,0.750327712141512,0.436316743861591
ACH-000681,0.0910301231684212,0.495924726773133,1.23335664454623,0.221690530659286,-0.80304091613864,0.61313998986246,0.56362813177013
ACH-000114,-1.01662439482946,-0.614891371269993,1.3846330926724,-0.141824500695001,0.89266782546084,1.06262476425587,-0.810665295757135
ACH-000726,-0.315805574955985,-0.417236665149569,1.1114894332376,0.179718603067333,-0.947826990696421,-0.306537621649678,-1.02601502378741
ACH-000481,-0.161716825283293,-0.437947892861776,0.71933158966412,0.357838813534881,3.19445095949532,-2.21280412679503,-0.360313180984537
ACH-000349,2.5673002183899,-1.64482608642906,-1.63771367368697,-0.30327377125362,-2.31882889093671,-0.871329176106945,0.124243246199606
ACH-000573,-0.398166179560182,1.2300352448766,-0.355288716946339,0.78275760290573,-1.01970889282169,-1.55917025020491,-0.725748590005616
ACH-000925,0.87965151921924,1.36604523637371,-0.238327049205422,0.15428643825182,-2.68960511364638,1.308125289071,1.39170473094192
ACH-000532,-1.44278787827695,0.119450311573397,-2.51874885621962,-0.80338596100779,0.0355517935004501,1.89974980070766,0.891335439019529
ACH-000670,0.626404934455784,-2.70854286242002,0.782813687262594,-0.658825308712904,1.68180216956798,-0.17460171780397,0.767660916373974
ACH-000724,0.040226230955786,0.756836793849779,1.04178187600656,0.794964524417927,-0.372845602821504,-0.233365638946145,-0.785431978602936
ACH-000138,-0.646519143065122,0.597245889804212,0.404743149035357,-0.959516189816288,-2.84579295788555,1.12982249026142,0.10574551152801
ACH-000109,0.0541985570347701,-1.53549514792768,-0.851248228486487,-0.319237883894363,0.385313421678987,0.137004147981104,0.543597793610792
ACH-000587,1.16920869444458,0.461853258858928,-0.0969080698874204,0.854601957695035,-0.535747104652808,0.593561804440815,0.528048852094454
ACH-000350,0.895322464475185,1.65790631825193,-2.08309228891107,-0.161685623317411,-3.49209273553057,-1.07298635789059,-1.19881135511087
ACH-000635,-0.843651687637174,-2.48478759608336,0.559845379679968,-0.845426650390784,2.25060850468265,-0.984051338910082,-1.36780229381386
ACH-000161,-0.869355288298564,1.76199022062713,0.119181401686521,0.686564802220122,0.603526934514499,0.715961544565168,0.458073022029949
ACH-000668,-0.674713350534355,0.730799170820968,-0.624755351277177,-0.194078321574502,0.168562496640513,0.442225269914897,1.01059677103745
ACH-000880,0.253382759505535,0.603830491278808,0.447552863107653,0.669027182218795,-2.21921547760543,-0.603409385046558,-0.240441646053082
ACH-000374,-0.0503912739850336,0.0621385510193172,-0.47838268979995,-0.113055069411106,0.254973747535396,1.15400847242155,0.0306887353368472
ACH-000448,-0.734814956815644,-0.816164722652117,-0.288129475416391,-0.78069652154554,-1.31590592073903,-0.312835224164289,-0.445186574729719
ACH-000718,0.976074883898441,0.239078832229391,1.04656862732103,0.318773997828777,0.237264217835416,0.765649829766936,1.3352912622338
ACH-000403,-0.333199815661374,0.181449854477786,-1.75023013151622,0.863739226780563,-1.8173129595122,0.143859854045252,-0.534864232480397
ACH-000416,-0.311040769046005,1.07438007443645,1.33530577008553,0.0531227208693739,0.856111924903534,-0.424314491846131,-0.237379064899969
ACH-000574,-0.351251886098772,-1.54745056740359,-1.27097330432645,-1.15450283552287,1.30565370646595,-0.427783055658142,-0.0570825749617231
ACH-000442,0.216382469700525,0.346803631852285,-0.92711368184168,-0.874702278281833,-1.22939859638012,0.0384826698007076,0.209978019032842
ACH-000207,-0.202573409842159,-0.244189578288869,2.11191006903538,0.303853760261015,0.956593588327016,-0.297913411316907,-0.116485117753868
ACH-000685,-0.66589657488015,0.390363610403135,0.569404096381526,-0.632587916126748,-0.870346207367618,0.444388437974463,-0.041620554582793
ACH-000356,-0.309850678587139,0.391568611284624,1.11183207959738,-0.301029589238624,-0.242948326780718,-0.208396201229669,0.375751694952672
ACH-000678,-1.30347943511185,-0.231245317347617,-1.51428569195426,-0.293936701459162,-1.49369111657803,-0.36402182389936,-1.1582972106237
ACH-000888,1.95049841474089,0.819685607078247,1.68542023726455,0.480263891781762,0.978935177959877,-0.759986672513066,-0.160457456859351
ACH-000785,-0.51186378782154,0.348006176505627,0.571828819440447,0.383433184418109,-0.494931813932383,0.633814973187567,0.119231812434339
ACH-000447,0.337259417277696,0.460932450027965,0.796311635732842,-0.213664563732035,0.297132173725653,1.54344487297008,0.404467613405454
ACH-000853,0.824318240933761,-1.29037872837065,-2.05511642148045,0.256059865384532,1.65236567341259,-0.830304603783206,-0.0023315501139551
ACH-000967,0.468872031036003,-0.464972295496468,-1.97099856649701,0.215515338686587,-0.809969783656167,1.19653855188294,1.07063393210533
ACH-000605,-0.278212667311062,-0.596701897764904,2.36795446501525,-0.869562302488566,0.0071955990918946,-0.70851482154293,-0.396177445877309
ACH-000966,-0.453630850288695,-2.31513523784714,1.64841572785077,-0.507839125850078,0.141198989443774,1.24962943252168,1.00776513169762
ACH-000627,-1.5137642211848,1.72635348347667,-0.0588928105990166,0.169233932277408,-1.04856461375614,-0.850905070915151,-0.867864609650036
ACH-000750,-0.844989031074752,-2.87749212708043,-0.3910578549546,-0.233431951734574,-1.06447593284026,-1.76279417497354,-0.74031764825376
ACH-000910,0.734028956908469,-2.91367542060509,1.28970947237253,0.84369721644282,2.2664451512655,0.168198689392194,1.122024673182
ACH-000747,-0.0053234340760505,-2.07595709983444,1.24487419122629,0.0541979201857149,-0.0757975172206971,-0.180440422672526,0.656530830978015
ACH-000752,0.290988633509818,2.63342997457259,-0.612942083128317,-0.123199338238174,-0.40496032432349,-1.99510097940861,-1.8822353234291
ACH-000886,0.37009606761299,-0.0697987269961633,-0.119477530902355,-1.63984803238663,-1.29215120701092,0.588317409498737,-0.531284843423786
ACH-000912,-0.0252636953678325,2.26939551378157,-1.61981450018249,0.0533059076292063,0.889561664142487,-1.00998104840797,-0.280526087819736
ACH-000722,0.659933189049806,2.24849090023192,-1.79180900071448,0.998117078985255,-0.662797118301299,3.34774390253589,1.76259978143189
ACH-001039,-0.378461225269945,2.37344629025361,-0.454228336219711,1.32823360529274,-2.11700503148978,2.93616920600225,1.27415166214499
ACH-000695,-0.023259275296539,-1.63719366263754,-0.128486339725129,0.183071235451186,1.39699102064164,-1.40120726659958,0.0735530125865857
ACH-000111,1.26321127697375,-0.345757133479375,-1.78040734943634,-0.92687098661725,2.49362347913531,-0.564322401538343,0.688609370360774
ACH-000671,-1.1412278442043,1.01515129792374,1.48229059664697,-2.08468800873039,0.910067899071672,0.608841598886992,0.185224951801864
ACH-000506,-0.318838587900541,-0.605910964323815,0.124413379664068,0.128126596746944,0.640884537569508,-2.0803168967033,-1.04839943526414
ACH-000932,0.500262035189776,0.552000099827869,0.892698321738521,0.859334800583466,-1.69351053714375,-0.0168144076031533,-0.597711367236442
ACH-000900,0.580096858677503,-0.852235143048025,-0.103781767736162,0.0100778411361238,0.415188213563649,-0.905386034493278,-1.14822828871477
ACH-000159,-0.0698158020506583,-0.264357328932568,-0.664096157645942,-0.11333546820363,-1.89231914565881,-0.0741671384005274,-0.242970850530706
ACH-000680,-0.0586467442905942,-0.292619054824617,0.107244606914384,0.370836327305488,-1.38428365608543,1.61200069361398,0.602701988376486
ACH-000508,0.0867007670373144,-0.628327538414566,1.86422940179489,0.607374717893859,-0.0245829489398912,-2.5940878755817,-1.48831406229914
ACH-000755,0.967650164296855,-1.39604998917273,-2.14017612774875,0.472592372925519,0.583110942945258,1.6829824243736,0.343693575774874
ACH-000667,-0.138369290154916,0.398727695362855,1.5208325307388,0.552330347557446,0.749377864698211,0.11148587541213,0.492341593893382
ACH-000546,-1.90922129330355,-0.0338736118993449,-0.3242532919521,-1.31805065278312,-2.44669776257072,0.674505765731472,-0.390566602441952
ACH-000924,0.271531233259357,0.347143015493391,0.422371094300994,-1.23472615136818,-1.74793686771014,0.607135795560813,0.0468780839831779
ACH-000720,0.570212942487767,1.49683819622741,0.696716483682075,0.434773252522227,-0.249129880658525,-0.0521835996464793,-0.0818925001642276
ACH-000488,-1.0047615564567,0.112776863821285,1.99372564862913,-0.546206659395537,-1.27459445076571,-1.23017429661584,0.0205589508445008
ACH-000425,0.494011329397365,0.526060717273564,-0.849109644556872,0.894164591975627,0.0606062458206684,-0.419632439251493,0.0318753649600363
ACH-000115,0.368922937713254,-1.06249497705709,-1.66447644404322,-0.584703269949334,3.23368013783678,0.513927202249855,0.470660728753995
ACH-000330,0.313774784467734,-1.37501940656193,0.0525962642774321,-0.0755384195028618,-0.252363756330744,-0.332070077663695,-0.362941921949757
ACH-000239,0.63260981072373,1.43362918421561,-2.12840068298786,-0.363398515520254,-1.67705354408201,1.46652434652182,0.358739823526066
ACH-000824,-0.115432465489507,-0.159682658542378,0.83183121118152,0.175643709892933,-1.07118337550907,-0.842986966067302,-1.2684412877075
ACH-000438,0.327198882818261,1.13752156101142,1.98868928749598,1.85077626629154,0.27065310789631,0.566125030490508,0.0482596847228225
ACH-000463,-2.05563521098076,1.42117664696711,1.31287760508279,-1.37048873244978,-0.961313181109587,-0.551628241432866,0.0241784027514129
ACH-000343,0.0673945663517719,-1.28467990635496,-0.746353899269108,-0.169396107838731,2.04846979220532,0.443724066208181,0.816657148588053
ACH-000606,0.0508291771602608,-0.925152616699913,-2.75623276819946,-0.622367313323143,0.198004418010213,0.0452408899504244,-0.0252299552152558
ACH-000810,0.0710800074998464,0.167243715526694,0.767276428487571,-0.419143539241734,-0.0965615446972035,-0.0951055592425176,0.503861416373263
ACH-000155,0.335031078838292,-0.28036371407838,0.731931953056922,0.457608786777641,0.102731955598397,0.378358636881242,0.110517695292275
ACH-000052,-0.776592064792393,-3.24278829670589,0.425840602630421,-1.61431948961385,2.50288799159496,0.999423133163367,0.670259763912042
ACH-000768,0.0448360367829088,1.36026400779449,0.231065885081941,1.16199654953208,-3.02398474311169,-0.0692703113358105,-0.297045182979314
ACH-000542,0.0915287912127083,-0.0553439096183673,0.200670729805891,0.232392822506397,1.83933192170287,-0.693230068434178,-0.261797623701315
ACH-000100,0.211877938309209,-1.66267041043272,-1.98039847082093,-1.03306859156283,1.65175937319379,-1.78573992261904,-0.575291618443709
ACH-000380,0.134691005974925,-0.596374972991089,-2.21696828429016,-0.365361208994962,-3.2279300577106,-0.527899824561926,1.58825795943566
ACH-000595,-0.687382725413319,0.34689230393964,0.50303330464484,-0.540144351223245,-0.231447885838069,-0.719039829452413,-1.04488394650392
ACH-000957,-0.0565378520663152,1.8044234376784,1.02939492528524,-0.52175622398801,-2.33686346284302,1.80723264246668,0.313183362967602
ACH-000362,1.20208058575864,1.15588964487328,0.745418031858566,0.655486208761296,2.75018924218501,0.696864314681677,-0.446633843676874
ACH-000053,0.233150834404603,0.0337867430834599,-0.322395127460408,1.44999855675593,-2.04391497714621,0.156883134994383,0.58936652408711
ACH-000212,0.0837489476910824,0.612530996903975,0.408786263174602,0.480253214921033,1.61343702976235,-0.247368749380099,-0.293802519741828
ACH-000979,-1.91289381486404,1.46356719145972,-0.139114275608136,-0.505188033001236,0.720890455299803,0.845337455714422,-0.820027231739891
ACH-000096,-0.336148882403857,-2.61674324831692,0.0407808094036849,-0.649814420072715,0.496760180853831,-0.0751521646400389,0.384443124733887
ACH-000919,0.603055418538613,0.266858549571332,1.92801316089359,-1.12248660550013,-3.44273286251742,2.43874872832004,2.73525501555694
ACH-000909,0.82593201064857,0.30969202120799,-0.837667512093367,-0.0765144082718802,2.41397176844454,-0.299374795667267,0.564141710084896
ACH-000315,-0.917282328674489,-0.537934279911765,-1.69219591849797,-0.446161448589801,-2.33617353038482,-1.93692939776991,-1.26193742657957
ACH-000263,1.06681205495067,-2.47172806847666,-2.32262026269777,0.413054328347688,-2.3148553274393,0.564635990629946,0.390082023699022
ACH-000878,0.161587580787707,1.83431576904764,2.94373614930652,0.62676253302659,1.24713317971103,0.143603375718484,-0.223224052622452
ACH-000075,0.708933421426446,0.275636502459443,-0.299956924093588,0.817066073984931,-0.694722540293869,-1.34512451344031,-1.22984324547918
ACH-000222,1.87096773314153,-0.786699039780029,-0.0642688811437326,0.0115237169494662,-2.53510917586805,2.89279535445216,1.64435736898741
ACH-000898,-1.04479225447422,2.49726313872137,0.566790935570779,0.165934289287132,-2.81536578497535,1.03448540481598,0.703808341047004
ACH-000662,-0.463289903760267,-0.245814032269601,0.504507636258284,0.0909331443076151,0.0106085481378915,0.678333431959824,1.00182264245131
ACH-000487,1.4074465523225,-1.48519082641036,-2.13940497685694,1.05805946880367,1.8331042084346,-0.0068036730381143,1.2614227049053
ACH-000831,1.60382667531083,-0.286146669023054,1.27725567624286,0.587255525389264,3.25129195156567,-1.49501940939798,0.226843542325877
ACH-000479,-1.19063106709544,0.808734502336762,0.380294981617059,-1.49884329419865,-2.04237125379377,-0.295992013370192,-2.67288872821921
ACH-000065,0.784644091459801,-1.45086930768191,-1.87009697715006,0.535585756667257,1.32599056730681,-0.403995987241412,0.600230620200808
ACH-000318,-2.45261205618517,-0.129190567490346,-0.633887949090203,-2.2015408162727,-1.90656716615001,-0.191599763378995,-0.727943726836464
ACH-000304,-0.0467334238554961,0.26089794367155,1.91813296494467,0.376528012870619,0.695228405311609,-1.73643910327802,-1.66345267080756
ACH-000198,0.192211473310293,-2.30199064142764,-1.302577597694,1.23041796497074,-0.0945760885688804,0.0445856380736229,0.457310985647182
ACH-000677,0.795028389601054,0.942653586242653,-1.1412773181585,-0.921010911012647,-1.91803430228405,0.223721436345073,-0.114967871114536
ACH-000005,0.0033537389810446,-2.19018456195708,-0.964283844565301,0.455424249751359,1.76489437018974,-1.13894898690611,0.699224845854609
ACH-000404,-0.146394703428187,1.80182727583729,0.105021685355099,1.11528831962794,0.415712618225146,0.241328844113715,-0.550188562441729
ACH-000132,0.289094533993656,-0.339058747306472,-1.27129780306156,0.551889250134691,-0.913329625435159,-0.0412190772442806,0.188222914161082
ACH-000407,-0.483201567591052,-0.553928890826554,-0.159560080091193,0.114234211215468,-0.200035988772781,-0.993098379014227,-0.26732007523417
ACH-000001,-0.159664865261993,0.161993525566373,0.355713659018263,-1.25495346609173,0.279454939086479,0.223237912204496,-0.756668654565791
ACH-000410,0.607578368816576,-0.0585085406189864,1.93224883245564,-1.43700082100952,-0.313157627347072,-0.633363670201616,-0.560630851814274
ACH-000917,-1.17090501650157,1.74610954503628,1.75632107126012,-0.512272837537031,-0.395918157945247,1.74299317090431,1.09222309207995
ACH-000620,0.892452260333336,-1.76828037199149,-0.44730840719245,-0.361632304233738,1.61350924305665,2.69965852806473,1.35416043298268
ACH-000890,1.3951597084834,0.950555269100118,-0.802362515764272,-0.338867381688477,-1.8324822520534,0.22589428020499,0.425552667189731
ACH-000367,-0.599697597684314,2.47473696207505,1.30928294546138,-0.526562825515779,-1.23569101736603,0.491429021120583,-1.46061115413449
ACH-000068,0.467910471212648,-1.29498390803625,-1.89228492048431,0.120828276234129,1.27030295125551,-1.68874686438436,0.689390273980787
ACH-000054,-0.443914117201055,-0.0180761403634828,-0.0158191131586243,1.07815900881635,0.987045719009861,-0.945118303719415,-0.163450559362282
ACH-000777,-1.18986985327689,-1.74153858336372,-0.834431232140137,-1.49461995685141,-1.67374216875848,-0.16100954749521,-0.734353456701078
ACH-000364,-0.035985693680467,1.48024131047916,-0.224331345451821,0.120108000338544,0.642448554977846,-0.0034502858957329,0.237282419859431
ACH-000738,-0.262596837339485,0.258472815355728,0.921114751216885,0.601453527704851,-1.0017111041338,0.658506313483548,0.108394703783728
ACH-000672,0.0471514205379361,-1.44079226159593,1.09438746891246,0.241944662604324,-0.49997258785527,-1.10121523591881,-0.174017654502364
ACH-000641,1.0576948774325,-2.07896825490797,-1.89022947445552,-0.245025029018947,-1.05041816860369,-0.420801832102059,0.857879261084396
ACH-000644,0.905936942918511,-0.0019451631086504,-0.342612863335586,-0.264731070824341,-1.51841297985715,0.408122610889917,1.03252224042209
ACH-000378,-1.47306325247791,1.08451539507499,3.57522453110612,-0.203611004297145,1.25340442976312,1.17589056399058,0.0039809244238076
ACH-000091,-0.187678847631166,-0.284467505356817,-0.03307291638433,0.653229367150642,1.88839695243354,0.779278937375483,-0.231941093338507
ACH-000833,-0.806935533383874,-1.43962357360297,-0.515433899874243,-1.01724338643838,-2.46880457330224,0.183599908986912,0.558078756016791
ACH-000817,0.0249287746107281,-0.575798859087028,-1.30611504694026,-0.329681642913398,1.38343994375215,-0.365104390037189,0.533480146427649
ACH-000748,0.242624924400702,1.01766395267005,0.0288855456010754,1.25110583668229,1.35259507485106,-1.54743682660248,-1.64658850794636
ACH-000984,1.06813204143825,0.469198540767861,0.331313845065513,0.311822537713454,-0.425117312541345,-0.334319878271981,0.8332172581463
ACH-000421,-0.108564149894122,0.76237728776278,-0.660770866366018,-1.21695186261571,-1.54781551430423,0.186090371034354,-1.14976264654112
ACH-000433,-0.677566136451429,0.316651190221965,0.693815681734669,0.996703850967263,0.963750763240091,0.761554510877036,-0.0144521675139673
ACH-000281,0.391726797160711,-0.0721107306179221,-1.56712218786273,0.0081977161713231,-1.85722585077316,1.00311987737898,0.599586247854811
ACH-000486,-1.34903063140198,-0.134956570344264,3.45655154283133,-1.44798243172202,-0.0391730754843873,0.172702819964023,-1.00119978814646
ACH-000879,1.83260376550193,-0.0657884780267227,-0.720941352720297,-0.445016206203039,1.86284548524309,1.67396333324043,1.12167574469319
ACH-001075,-0.83996406782718,0.629219675407837,1.29327732019171,-0.789234579294837,-1.99173811824511,1.00659056683047,-0.94354318352059
ACH-000491,0.106293060443104,-0.956556931102834,-0.875751193529735,-0.287422417707359,1.37137931459905,-0.0173246366314681,1.26029965541054
ACH-000388,-0.57973676028464,0.295992866809315,-1.94846048413276,0.407934724145046,-1.94114220199683,0.385683273950968,0.818742601118695
ACH-000158,0.93114569205955,0.189101492170554,-1.52462722102769,0.679867642643293,-1.89365371011865,-1.65013548394164,0.794311082561774
ACH-000039,0.814303581536859,-1.13504643870459,0.506888758911477,-0.274541473961321,1.90398310576861,-3.21550555703712,-1.98494822924831
ACH-000867,0.90329226415326,,1.19772879890976,-0.720599060330247,2.02451738063687,-0.0344223420172651,0.528423741989338
ACH-000117,1.33020442802016,,-0.771826776148525,-0.34568353928251,-1.60932111869547,-1.03256996419537,-0.293618763414675
ACH-000946,-1.61701570113356,,1.39492290245198,-0.983921319786934,-2.83272564754096,0.92654763509401,0.207408121219548
ACH-000369,0.898079437363295,,-1.10850397205536,-0.054581244474021,0.897420109373696,0.430794525224691,1.38225560464749
ACH-000164,-0.906389986377148,,0.790201187841434,1.06216168559593,0.216235244037602,-0.825612899894672,-1.45895918107137
ACH-000188,-1.72779597910306,,-0.388040153511641,-0.923230419392495,-2.02993422095845,0.153686712294321,-0.57691325348635
ACH-000242,0.0756509680501813,,0.398422997146454,0.155708964955163,-1.31719100416945,0.700730974832341,0.0337549468717365
ACH-000018,0.481912431202358,,-0.140194150143283,0.359885190001037,0.714420538031269,-0.146491685175191,-0.0113493818060881
ACH-000387,0.632438050044897,,-2.10826638332899,0.526315008547023,2.27137312682816,0.662549566985046,1.01976403775839
ACH-000008,-1.05409363932246,1.40571534918173,0.527054469062404,-0.64436677789909,-0.444201572598425,-0.370510398197316,-1.28337210617849
ACH-000211,-0.983273967031296,-0.649340848841958,-0.937011784667574,-0.421851227770784,-0.665306134149632,0.442655494252706,-0.27801335169984
ACH-000151,0.836988931045855,-1.7957051420167,0.188201396725682,-1.25875026706501,-0.877130245302508,-1.21003915719251,0.869042481507558
ACH-000728,0.043676280259311,-0.590663225711546,-0.774558193974797,-0.54775170317212,-2.19020355380842,1.09614728253002,1.24667113631138
ACH-000607,0.744010048982766,-0.857838923673649,-0.4415126143661,1.55461457926748,2.18764691306542,-0.863357016690244,-0.817812220162869
ACH-000809,-0.0553553278438393,-0.968307672332983,2.41179049242044,-0.471117843677583,-1.05583138138453,-0.365169202713079,-0.917327826186828
ACH-000895,-0.424743732652507,2.69695334519412,-0.787591445236897,0.655301491670482,-1.82019013718559,3.18722042407463,1.46238919038511
ACH-000800,1.38196543425292,-1.79026046251742,-0.65364634085455,-0.160702142511035,1.40140492048486,-1.24242647248326,0.0897115584761511
ACH-000260,0.0221361776985873,0.469827041342355,-0.291033155775172,-0.207181461957741,1.64590600262717,-0.565320115696132,0.211411585502582
ACH-000243,0.644623340227221,0.395966968706122,1.65533227850159,-0.198180924111141,0.342506801570123,0.917865860519083,0.573690886227207
ACH-000622,-0.0142234843258914,-0.222364727147112,-0.464364007715136,-0.689249962029056,0.0246577813731754,0.298092710979417,-1.09165948387149
ACH-000990,-0.0594449228256025,-0.304457743042204,0.0706309879899152,-1.0891033723822,-1.59576978837468,1.14558870701331,-0.667311514605342
ACH-000357,1.22869107701762,-1.59516845390115,-0.780940532824701,0.0583120353484181,-0.232105408604639,-2.14236787013936,0.447432641115354
ACH-000995,1.09174534783149,-1.34373912617177,-0.972936234832357,0.745491619757729,-0.577930167755364,-2.14826642895671,0.344267288890141
ACH-000335,-1.83598438875179,0.111448742019379,1.15317584435153,0.308154943859542,-0.0288627465155216,-0.329210876528869,-1.01460022123681
ACH-000247,-0.106559358106327,1.38627802313895,1.04385724041504,0.559408523751502,-0.64254409549148,2.11937263749651,1.48819027840559
ACH-000963,0.293541988614394,0.390962348244946,-0.683894128268239,-0.193950928540986,0.337633311523316,2.15155908082812,1.21342132288449
ACH-000420,-1.03920014998048,0.672004264151029,-0.883503267019362,-0.65351687691473,0.139509155841568,-1.23554330857791,-0.205011778519929
ACH-001307,0.68491402983271,-1.34026164371052,-0.219256912637329,1.74299431720458,1.33615335772235,-0.688599044752747,-0.367002826705439
ACH-000712,0.237468802091243,-0.539127723282243,0.972331696548734,-0.63357815854865,-0.394809330287217,0.565630062419976,-0.24613444031198
ACH-000235,-1.20908897867906,1.07654849162293,2.65095518325956,-0.639448280923038,-1.86740627219684,1.33855518731424,0.0322516165251971
ACH-000396,-0.58612140739781,1.14188619849462,1.81746622246721,0.0655166494862326,0.127272689310666,-0.0700447323968394,-0.0580607558931927
ACH-000476,0.574415284176031,0.252201174476568,-1.46807138859334,-0.132919673235853,0.187848490193037,-0.301366083090793,0.997555918185529
ACH-000409,0.0246207233941449,-0.356468385853902,-1.15407086875932,-1.21880603791316,0.359064539818045,1.71015325404972,-0.0211899698127512
ACH-000371,1.2547109547561,-0.34777442247013,-2.47344514793018,-0.0063755807634515,-1.267065829977,-0.960052652543927,0.256371913813877
ACH-000970,-0.437505531199862,1.20498596852782,1.14859920867205,-0.696279618779785,-1.03714888522281,0.37286194977593,0.215951583549713
ACH-000611,-0.0843861994317315,-2.4116788031662,-1.64068602371728,0.46274483961421,0.521077238894171,-1.97665001013104,-0.576158776655547
ACH-000309,0.256453587392493,-0.289655922871478,,-0.455925855617082,0.412542040580938,-0.314461767527843,-0.758799848921712
ACH-000961,-0.257745721034875,-0.624606242761303,,-0.0044657847684106,0.237976747619561,-0.360532151630248,0.130560761000455
ACH-000974,0.448376780687145,0.589506995192763,,-0.206159854337206,0.587286599548858,0.448773561190253,0.686538538853889
ACH-000098,-1.0206334976561,0.399529117410368,,0.638398411727993,-0.689188413590659,-1.69409634971125,-0.859523054965069
ACH-000050,1.28472993388847,-0.150763105439031,,1.22457005491269,-1.11940015137572,-0.510397460673839,-0.449747986545783
ACH-000042,-0.0047333103889987,0.201207595607934,,-1.00686583502253,-0.0609642618574164,2.2761640059419,1.02943117726766
ACH-000922,1.13381297581467,-1.44229562896742,,-1.7215812403298,-0.616187172973513,-0.402190345090762,1.51445486390638
ACH-000493,-0.935388029668076,0.0788941195674735,,0.306866775833918,-0.901661377800898,0.618180913473457,0.059831544356628
ACH-000209,-0.400964566337387,0.666615377033144,,-0.379287918157741,-0.0740732887966944,0.333648622949864,-0.589584082843028
ACH-000201,-0.400155977046148,0.390328320449321,-1.57984374422789,0.440548972650176,1.40564058250109,-0.594753689832675,-0.807200140051036
ACH-000535,-0.345097768716821,0.810357645611353,1.00032351427762,-0.481666412041075,-1.4299761343201,0.302306595288294,-0.519644450068267
ACH-000511,1.61903020277668,-0.46937535145821,-0.942552368580218,0.174349689416015,-1.80903742132573,-1.00944101840586,-0.426482048376896
ACH-000996,0.0203331776468787,-1.74831844608333,1.02792714735822,-1.45869979857519,-0.375235065824357,0.804591741631295,-0.0349882447178865
ACH-000004,-0.308049070720799,-2.19405576568863,-0.967620911417117,0.538205853407913,1.06032765305804,-1.27944677382352,1.45190557604243
ACH-000693,-0.639973926145951,0.55396135566395,1.82617814443196,-1.38102278248403,-0.0373242645826661,0.158047922112485,-0.138831190372236
ACH-001129,0.188633077075725,1.75104777607581,-1.14853416303659,0.493595530110333,0.506656580172307,2.02615892209801,0.0955585581692043
ACH-000376,0.678309642742376,-1.2650198157975,1.51178977641091,0.247409016725552,-0.48183461356473,-0.639904306910675,0.425743293407271
ACH-000730,-0.254963322188708,0.230473844797032,-1.19061783969684,-0.0478611392553445,-0.584933718486735,0.1246896499961,0.453246245787687
ACH-000030,-0.146997600019548,-0.306948891150643,1.22912059306539,-0.710484315778853,-0.640867453000236,1.84402751654671,0.318565728646536
ACH-000563,-0.580779726970129,-0.256229712194066,1.19286339915319,-0.509985535996966,-1.16357132546641,0.164100292780592,-1.04105785948071
ACH-001190,0.748159749927117,0.0292921988778825,-0.562389858816412,0.560089174548792,-1.42630071401814,-1.28424491816372,-1.40718617623323
ACH-000987,0.307888616553703,0.319706015398953,-0.625729071593277,-0.133204716270656,-0.120749617823376,0.25860840774039,0.60825993749098
ACH-000632,-0.753217531235754,0.593864581195501,-0.232093459812845,0.40643571686381,-1.0686656777812,-0.581401640723872,-0.119343490583506
ACH-000848,-0.359932723864424,0.249733873412464,-0.142986600179106,-0.512939401335821,0.850342662099601,1.39650855253716,1.29188947298597
ACH-000614,0.938663297643468,-0.0973130264351116,-0.380865930030907,-0.188062997517729,0.975244867511282,-0.771389685376701,0.120281544007741
ACH-000555,-0.0273069378461982,-0.306369655325875,0.393015727436464,0.786703675378552,-0.179024190032826,-0.0096886548714796,0.159709039548035
ACH-000799,-0.0877145604376413,0.0752966983671774,-0.766084888272385,0.0956684348703085,0.441043364679266,-0.653084355812344,-0.173321064734025
ACH-000070,-0.325193375662907,-2.03909583944578,-2.09365686143773,0.550457979140816,-0.282962106196376,-0.231797049176993,0.13869562252682
ACH-001306,0.639373524811287,-0.52548418098454,0.595210638718602,0.5827955814317,0.95301210822885,-0.370653102107447,-0.0587695797798775
ACH-000882,-2.47504004197858,1.70309853728248,1.21203080718828,-0.166997735796857,-2.02795591256039,-0.528835051093135,-0.14236577745288
ACH-000652,-0.0813484460535268,1.91736879458728,-0.148616865466652,-0.0304017704774546,-0.249756231449886,1.68978946925957,0.67154458785958
ACH-000819,-2.40614905807794,-0.22459270441365,3.19335745738847,0.791793221137661,0.356274769474775,-0.509012685086648,-0.866652910461523
ACH-000977,1.30856867931489,-2.18202920634916,1.00248470283366,-0.611979133202322,1.8682361515645,0.987126674270119,0.413725796236577
ACH-000945,2.34828718039693,-0.248240977956663,-1.75047119930914,-0.855658781222175,0.991705451376596,-0.756984674430814,-0.386622471547417
ACH-000960,0.629695645318831,-2.08546583274249,-1.55828542721591,-0.559992132263003,-1.55075217992548,-0.90862759670345,0.200109298425934
ACH-000954,-0.279446096047578,0.0489050264582448,0.0648240143120165,-1.0071147173394,0.0643890479585102,0.153652401627672,-0.0833053007211661
ACH-000118,-0.135465736472236,-0.0181272504937874,-0.435027413149849,-0.491154180210441,-0.185577115848308,-0.823994281391721,0.0369714112258148
ACH-000576,1.89659212815208,0.450545852003047,-1.00206640660251,1.38848829430773,1.97087656393902,-0.446352224809628,0.57816596116653
ACH-000787,0.444823340255608,0.737463682962033,1.86131613818026,0.664813489853833,1.12864583825329,-0.655234430412829,0.234196530549108
ACH-000832,-1.01710332769073,-0.0807196611378905,-0.300503373346095,-1.0713022850202,-0.799026422251463,0.260813405419053,-0.466534268024454
ACH-000701,-0.747974115568191,-0.620943916960977,1.91994892913925,-0.108417203963869,-1.37379865856122,1.63114709993252,0.416277132001342
ACH-000368,0.0643638407875199,-0.0128750504795502,0.862696105956057,-0.479087842187507,-0.933256972075099,-0.774814620950063,-0.743219868161084
ACH-000518,-0.749242037281188,-0.235431349067152,-0.130698388381139,-0.377443272118903,-0.73316776310571,0.133270620318306,-0.124710753146613
ACH-000406,0.678354763727351,-0.577201735982116,-1.62220005747099,0.942778974353214,0.0490062332135326,0.524394439710919,0.128628571139439
ACH-000429,0.40780622650314,-1.3407746601211,-0.769979987627552,0.65814023224172,-2.19517038785041,0.158003522692227,-0.643158270180673
ACH-000899,-0.143122505632937,1.20792721381828,-0.841744372035826,1.01986757093829,-1.22578400509153,-0.249790781654549,-0.62961183410657
ACH-000714,1.30659913206101,0.615768038541099,-0.753658318129732,-0.429153368077952,1.95860920193905,-0.853919889741148,0.222512404322396
ACH-000938,0.760131740095976,-3.2126768269829,-3.19025789486332,-0.87925777829917,-0.532893590427148,-0.603649022888682,2.07017308068687
ACH-000153,-1.80008151281141,1.44055474800372,0.471531697951375,0.944349190412105,-0.970024310865995,-0.181900672803025,-0.785337248237659
ACH-000291,-1.23295562552389,2.6676678341639,1.54835752678014,-0.694339165034401,-0.27449680985304,1.58857544893387,-0.335161105582841
ACH-000087,0.443784553045049,-1.35843763249769,-0.239264208427972,-0.414933728422574,1.5316549704282,-0.599251162786779,0.761609686811401
ACH-001198,0.287540571844891,0.87394627009759,1.90538832667061,0.0477667135015231,-0.734577629450606,-0.273374146645295,-0.411181987552236
ACH-000192,0.500306691623886,-2.24880867455943,1.63185095318819,-0.999820397332089,0.804834682172923,0.927606648614651,-0.0941966058745912
ACH-000624,-0.734075389614527,0.46590411754853,2.32567266404781,-1.94247472748853,-1.73636360775054,0.775971025301709,0.0328176377182914
ACH-000202,0.898849049428721,-0.0833832604587365,-0.446089824173606,0.349691890552145,1.77508097631218,0.718723690948389,1.57497788349929
ACH-000015,1.61413539804291,-0.008659601690755,-0.774094603668911,1.22765808386081,0.295321603362635,-0.382021696150848,-0.0369590420505602
ACH-000496,-1.25154409197038,1.37586505164271,1.93423362350023,-0.453859995176199,-1.05340755860096,-0.325314159866726,-0.224026143445715
ACH-000727,1.51027415308797,0.581592297153139,0.200757635614683,-0.63448197302099,1.55733739966658,-0.250521674383263,0.438474061610306
ACH-000553,-1.65826502502024,1.10716720844537,-0.451451585137578,-1.29620820876299,-1.18419924912215,0.557048500342621,-0.684053659950902
ACH-000657,1.11313377218623,-2.64597216964042,-0.937607151711168,1.07977643120119,1.79271015865445,-1.69343663118986,0.731098716154898
ACH-000351,0.650999028820623,-0.215044792626818,-1.15661613490101,1.36033563707986,-0.687833137214959,0.250593157611885,-0.653275481859921
ACH-000794,-1.98798538138731,-0.674765112335959,-0.812242593362361,-0.713760789742973,-2.01257716753654,0.717349703724849,-0.7025903959131
ACH-000699,1.01436630917177,-1.53917825321495,0.897753154697637,0.173369656396427,-0.0704853139914614,-1.40818204610898,0.09956514395556
ACH-000236,-1.00783884034499,0.174288441003004,-0.517609919165458,-0.294525120119659,-2.95138018852557,0.969102807629593,-0.205392990023289
ACH-000852,-0.305032686500266,0.988229728099732,-0.828690988360523,0.880211065619353,1.83302372792173,-0.348142347925861,-0.372637097868135
ACH-000869,-1.2900124999999,-0.672400439427259,-1.33794273149037,-0.47990998900707,1.48415224051764,-1.42089840364523,-0.930090921066324
ACH-000414,-2.33503966236515,1.76231732172169,3.35070504552252,-0.331829119393538,-1.17177291109886,1.35519555703698,1.45023802167655
ACH-000638,1.11019118713223,-1.18310974316274,0.932448179437456,0.76115299953475,2.01488352547502,0.270335363207387,0.179135821486258
ACH-000524,0.0331549529207653,-1.32238764013748,-1.0197447233307,-1.91947496108852,-1.0964668690088,0.036117344201293,-0.566167814326504
ACH-000793,1.71465828266868,2.07149013984872,-0.265243262065721,0.829271394431675,-2.68068180579097,1.700042010116,1.58975896025312
ACH-000741,0.45351043183582,0.178454734429422,-1.26442817914865,-0.473500846089069,-0.142795929864271,-0.251763280842889,-0.914462471506013
ACH-000988,1.17964357849376,-1.53081300863658,1.42012050373833,-1.19504046345272,1.74418546024228,0.256546511423935,0.237589427506583
ACH-000190,0.0845445687376752,-0.220478491994885,-0.169250348174095,-0.55665111960361,1.876512424596,-0.395034917739949,0.436054514393476
ACH-000643,-0.193164877516979,-0.352668719357828,-1.26014801576399,-0.877131481051687,-0.24103292407106,1.11909926788927,-0.287894797576946
ACH-000217,-0.464697389717558,1.87311626864264,1.9098796248881,1.10615026380978,-0.347609271805952,1.28301698402304,0.55417457519393
ACH-000754,0.81891462001829,-1.2967863657754,-0.833309939846113,-0.27661625913969,-2.02526122967969,-1.035865736869,0.998998468835164
ACH-000255,0.447966724308255,0.117309528964865,0.362709554175336,2.01565401055128,-0.466428724641477,-0.57420011772532,-0.564672893731903
ACH-000213,-0.710595718351941,0.477896408128673,0.408854327703029,-0.157925074376244,-0.179934919337339,-0.119932422726833,-0.463208788546723
ACH-000883,-0.358984393464157,-0.46793308132986,0.0059389339678342,-0.18948872467372,-1.70884633269672,-0.0016049725440938,-0.436908604572583
ACH-000522,-0.165438158425718,0.526916211131674,-1.36239691199547,-0.689804548210871,-0.11872492238503,-0.528389790851093,0.145304876394916
ACH-000375,0.0890780522022192,-2.17322020411497,-0.435479206682392,-0.244742182843985,1.33111921026013,0.42050932947224,0.581031533562036
ACH-000040,0.168629799850568,0.422867964813722,-0.59792440420684,-0.0605037305199405,-1.18852545859842,-0.438166631135503,-0.676895592938154
ACH-000855,-0.494952309555853,0.537494780788868,0.150153811401791,1.21071619274977,-1.69634932714348,-0.407080251225725,-0.0623343264144163
ACH-000980,0.703044613530184,0.783595306549102,0.109320131841655,0.986332163224991,1.54260195085064,-0.397236570293822,-0.27889943311103
ACH-000427,-0.36544487317785,1.03610080902979,0.331743425532721,-1.44168671078196,-0.748791464749776,2.15999140538762,0.502229724246213
ACH-000024,0.714731935764185,-2.41981672085605,-0.882853072247822,0.738547534028643,-1.26945560242984,0.225777324417616,0.996801903790107
ACH-001171,-0.701610717110388,0.737870210534302,0.13319557522544,0.337240386923877,-0.568703287986632,-0.290850191084649,-0.429593616214132
ACH-000400,-0.252942917116212,1.94814988026109,0.782082755119103,-0.948090928759546,-0.53366876366638,0.551250203038293,-0.438375591361179
ACH-000365,0.369473085930125,-1.4191731397156,0.219607238792172,-0.768750775910071,2.03717937929302,-1.86874734837029,-0.0346793109326753
ACH-000411,-0.327989197238195,0.682895290454801,0.959671768175425,0.052483197144117,0.100385852883546,1.22567003405649,0.108653871565365
ACH-000580,0.6458359305779,1.14108500396914,1.82494119538179,-0.146328390038251,-1.27508552430575,-0.544873308278925,0.0393866357086058
ACH-000994,0.26762610073324,-3.10256429170594,-0.198402496019021,0.0557753256982583,0.208149166854087,0.180526383984037,0.301437885643833
ACH-000551,0.542853537459708,1.24327162333498,-1.09284280182714,1.06226826393913,2.4031928930162,0.429782277014266,-0.270572783216192
ACH-000911,-0.259898108218077,0.340015194721754,1.68839715261327,0.149211630498346,-2.09473666116847,-0.334556000966278,-0.800933667627269
ACH-000169,-0.934187472012707,1.05534101450191,-1.41466086261151,-1.12941892568874,-0.491158889309453,-0.897917368118527,-0.447219819801064
ACH-000782,1.14472417101961,-1.02473402333626,-2.95301438579587,-0.211412378052697,-1.46589382289542,0.667639879348107,0.625834936450512
ACH-000790,-1.4422737783532,1.08373930969105,0.884372647310165,0.55449985027525,1.04532651146924,-1.11181526355621,0.253625041647259
ACH-000424,0.895892895808756,-2.26408462111142,-0.101951044487122,-0.395394653990667,1.23329386853204,0.0813620935337531,0.47747312231475
ACH-000223,-0.385565379816561,-1.48435808701516,-2.62035929630252,-1.07920606133402,-0.854947562253592,0.548924400033541,0.0634941804222381
ACH-000997,0.513687684074777,0.743773308974832,-0.42521500964795,0.990614670378794,-2.04122311271289,0.768330470747492,0.438607025377974
ACH-000784,-0.657963823629339,-0.487513618804272,-0.321709730005691,-0.64264018386399,-0.60001988956894,-0.536064061087306,0.0729645245319239
ACH-000666,-0.941030441991176,0.0464805430663894,2.67843304469463,-0.246600900710846,0.746228821240942,1.10519794809396,0.301245117525104
ACH-000589,-1.07455837357375,0.663928613734799,1.62341351299823,-1.00162748156689,0.885538330454712,1.98928756401396,0.454436118054048
ACH-000311,-0.945846067328408,0.858529663874367,2.2311546622114,0.905105154305577,1.81329913622362,0.524652842581151,0.650024053050944
ACH-000495,1.47679059121442,-0.509716147219564,-2.11083331679403,0.291027223428127,-1.65881420121135,-1.33803129495805,-1.01193943145725
ACH-000827,0.401759249441041,-0.17387207147295,-0.201536267131558,0.276965949943382,-0.142034251563586,-1.55166763556735,-1.06555669713731
ACH-000521,0.582366093878266,0.692863160395939,-0.860142878899426,-0.741844634226439,-0.967368534094541,-0.641378370500301,0.295650586246114
ACH-000956,1.25785965351778,-1.99024205851626,-0.0650485745659886,-0.742621577292991,0.190753195551548,0.187025819135288,0.289427617846136
ACH-000558,-0.396253781938943,2.01886861314749,0.662800766417863,0.446833527841702,-0.649829690393082,-0.250992722383232,-0.46812126241046
ACH-000536,-0.75572549418763,0.108685574843498,-0.90616856775583,-0.0553224000272962,2.21693353286982,0.760365827562659,-0.94945501185377
ACH-000264,-0.435283532621665,0.732336636261586,-0.106471034783771,-0.110239806858899,-2.00268448723056,1.45836372282723,0.52349708797774
ACH-000846,-0.808034738976768,0.3609911206948,2.14836176690752,-1.23819540158579,-1.78756964536391,-0.661329338155719,-0.410704090739156
ACH-000265,1.36857375842724,-1.59225861576761,1.04884525248223,-0.764981233898924,-0.66800429368686,-0.206916970850654,0.804840918742955
ACH-000006,-0.601022747236538,-0.618315826891014,-1.90260075671567,0.940504631720315,0.16158663681938,0.15896900569162,-0.275929768745605
ACH-000696,-0.12208923615634,-0.0275057069474636,0.218039931029416,-0.127184483404761,1.54973173237518,-1.01712781381301,0.70050628300645
ACH-000146,1.22787180015281,-0.889931753716849,-2.13924295693745,0.703633825340439,0.0270665963382936,-0.103603559693729,0.367933867797849
