CellID,GPX4,CBS,TST,MPST,AIFM2,Cell Line Name,Erastin_log2
ACH-000849,0.693912282766292,1.44508121565069,1.52421883291393,0.143679644196592,-1.28590811552566,MDAMB468,-2.06851681714
ACH-000441,0.7202021681678,0.0734150020259021,0.649362229189688,1.00004705010071,0.857103361986845,SH4,-0.0816462495273
ACH-000248,-0.987816569595475,-1.61827602959258,-0.138665432521617,-0.271533165504528,1.00118155380185,AU565,
ACH-000684,-0.743698099216283,-0.720024183723368,-0.874138660604631,-0.218137363752836,-0.344476592366587,KMRC1,-2.05623034909
ACH-000856,0.916936782053383,1.47819160542826,-0.184998244090884,0.117864340092026,-0.858387062359278,CAL51,0.651328438695
ACH-000348,0.184687071953319,-0.421969573487812,-1.05932776830161,-0.547843750570111,0.272408384003607,RPMI7951,0.115757133611
ACH-000062,-0.0268297033119701,-0.263885863268466,0.281931698487828,-0.423024188195284,0.076276573777339,RERFLCMS,0.110691133946
ACH-000650,-0.715366742930611,0.55018504845052,-0.156032010072764,-0.0240288218286306,0.944945923744036,IGR37,0.202168405915
ACH-000484,-0.0845511231288021,-1.63688445269148,-0.0112706035413264,0.275854176177293,-0.993344328767782,VMRCRCW,0.860117556886
ACH-000625,0.277213995011322,2.70477670059186,1.93824424323561,2.13071691499508,0.391731587887175,HEP3B217,1.10328850002
ACH-000739,-0.650886448714982,0.208998956409228,1.72170138330182,1.46750688431415,0.26822393461783,HEPG2,0.883904608837
ACH-000361,-0.666890868307389,0.190834867376711,-1.00345075389057,-0.431728198332852,-0.798899603039766,SKHEP1,-3.73975486197
ACH-001239,1.19271371076882,-0.696972462845665,-0.645235636898569,-0.474338449577985,-0.170941658413668,WM2664,0.961470257198
ACH-000250,-0.792248697892374,-2.26565015655818,-0.204539645825806,-0.363806050983419,-0.19997050801883,KMRC20,-0.51999037335
ACH-000014,0.151976543040669,-1.1431965810267,-0.799464831815182,-1.19878684305799,-0.101130932609213,HS294T,0.569814770119
ACH-000713,-0.0374039638843217,0.522737711451072,0.742428847202347,-0.073220362645153,0.918741235123215,CAOV3,1.52719600761
ACH-000753,0.290654031253883,0.0614267937077838,-1.27958312734033,-0.570699790795023,0.513312524199808,JMSU1,1.09379514235
ACH-000023,0.240368377069104,-1.34165601675062,-1.00222404871868,-0.199504644463753,0.168014883840688,PATU8988T,-0.691730381294
ACH-000711,-0.626707190398721,0.673959765644161,-0.188629857398211,-0.335942471660722,-0.465687527173752,JIMT1,0.55299910772
ACH-000278,-0.124196046863395,0.50852007169835,-0.175777814731311,-0.532983997286473,-0.0191979433666576,COV362,-0.0143555004014
ACH-000219,-0.0832596950029492,-0.565261647181129,-0.87080760379822,-0.537031094097692,-0.175941411587492,A375,0.418917986531
ACH-000788,-0.0721942327628053,0.055503216022568,-0.596140646716002,-0.0551381568785068,0.0641382240549406,A2058,0.0258540847904
ACH-000651,0.0994148520975793,-0.102210124316915,0.491785534531135,0.554460617249679,0.652318898911367,SW620,0.232016879986
ACH-000935,0.71038733461997,-0.884269626443846,-0.673626536075831,-0.0439740701195244,-0.460260088643793,MDST8,
ACH-000475,-0.3978038840169,0.247652495122975,1.54116299789818,1.12173992582909,1.06425948704193,HUH1,0.821279794455
ACH-000971,-0.380308927857208,-1.35272498076739,-0.0704437532618717,-0.0254647575795707,0.578390914236254,HCT116,0.15037200778
ACH-000393,-1.21210055040245,0.679764148428013,-0.110096145963643,-0.323127663374903,0.123662758986859,HLF,-0.340612075786
ACH-000552,0.646320614147653,-1.10066017402736,0.488142891001774,-0.2986014912663,0.348984944203651,HT29,0.794782673946
ACH-000528,0.152738757850154,1.64633307936776,-1.05424242898016,-1.05128753262462,-2.02057381576735,ABC1,0.221970444722
ACH-000783,1.81534250151043,0.52495815604761,-0.668679888466361,-0.0423844421802784,-2.17397465857414,CAMA1,0.406285678284
ACH-000943,-1.10949193671414,-1.67857893913222,-0.599515943596168,0.0317281125798233,0.910062657078159,RKO,0.0635628375247
ACH-000986,0.286009415137676,-1.27253299516128,0.701625819211164,0.0815735682070357,1.24061313324568,HT115,-1.22686830527
ACH-000734,-0.687285774983161,1.22141512705233,2.19295152846563,2.55111813182765,0.866726035841895,JHH5,1.04150092863
ACH-000423,0.232418358534652,-0.741078244220881,-0.484605854400647,-0.545752474674808,0.0039586973432829,SKMEL3,0.81672311668
ACH-000860,-0.520868298313305,1.08104321047769,-1.24131517451111,-0.646160398038247,-0.845805787252461,NCIH358,0.656368596091
ACH-000547,0.243600248388894,-0.571854172209996,-0.913410139199968,-1.43323700145669,0.593247876696251,HT1197,-1.39050115079
ACH-000480,-0.460611248947767,1.36258405966762,1.45800141315294,1.26717771701955,0.376821189937515,HUH7,-0.248510479267
ACH-000847,1.44406004665634,-2.15591072330535,-0.284377052692566,0.45665251911506,-1.85190987259982,HGC27,-0.537806017605
ACH-000749,-0.496750759890381,1.20563376706533,-0.650487862884821,0.177956412471838,-1.68319212826933,DMS273,-0.787761716953
ACH-000510,-0.245104500177851,0.837168541941641,-1.56110894974213,-0.913223403741684,0.183384232162978,NCIH1299,-0.098707630845
ACH-000615,0.270964060172289,-1.17100885305629,0.478952101805419,-0.15564911526353,0.479181987679013,SKMEL28,
ACH-000234,-0.0646732331616338,-1.02947003775879,0.133636129022905,0.206311296713662,0.604976381860597,CAKI2,0.420604657583
ACH-000926,-0.154384933301673,-1.40038119597635,2.83290070720637,1.19048631320383,1.58079214266934,HT55,0.935752771616
ACH-000866,1.55398687310697,2.84386914166554,-0.629310909668489,-0.155000109487115,-0.413340154035904,NCIH1048,1.26960447613
ACH-000778,-0.857338092244663,-1.22556642749539,-0.793092741425355,-0.697289028918205,-0.441710644963309,HSC3,0.294874134505
ACH-000288,0.368054641303445,0.559358927987609,-0.355360636465108,-0.0026835003336649,-0.288461334866654,BT549,0.626021380856
ACH-000467,-0.646931467035502,-0.811144269237911,1.42505641686618,0.481517923485303,0.753631215615384,HCC56,-0.0382762177934
ACH-000958,0.0978414016627947,-0.887570137630568,0.339668840982148,-0.299780453582028,1.26339901635078,SW48,
ACH-000550,-0.305191154147861,-0.133087105907607,-0.314022273306911,0.432760568076458,0.678912257971191,IGR39,
ACH-000019,0.344213988751603,0.101423025042501,2.75973780425423,0.660079814817054,-0.185752309641419,MCF7,0.318445955414
ACH-000415,-1.17694629168557,-1.83752372959232,0.0141606345613064,-0.27080555967736,-0.533466665948375,BICR6,0.224013901136
ACH-000661,0.941807597250969,-0.575292264791102,-0.570898369202506,-0.118885471178624,0.742791286894318,WM1799,0.72535388028
ACH-000915,0.413671139574095,0.408618284750084,-1.00042200403568,0.270593880930029,1.14747623248969,IPC298,-0.132190910136
ACH-000021,-0.720937545281152,0.41008096784079,-0.504898661456369,-1.17205707506172,-0.506641373391856,NCIH1693,-3.02492013802
ACH-000859,0.138780031954321,0.13164288323345,-0.200340103357243,-0.0990543899866467,-1.02892681737618,HCC1954,-0.33208222058
ACH-000430,0.0908494298386138,0.210959824045498,-0.740376600138561,-0.13269394301256,0.702069590082054,TYKNU,-2.77304967225
ACH-000530,0.283821455548224,1.80222208852125,-1.01023705624617,0.299652718225559,-1.08800225561895,DMS114,-0.034244474011
ACH-000647,-0.190818291438257,-0.976086731800469,1.13232002245622,0.200092903310117,0.874569676196319,TE1,0.508831922516
ACH-000502,0.283553369790788,-2.431393867074,-0.467122789536383,-0.747336427547403,-0.241094997535393,TCCPAN2,0.524391589791
ACH-000390,-1.47912038310625,-0.939459365020034,-0.0577888792853548,-0.978310833997114,0.565189111056509,LUDLU1,-0.897994705399
ACH-000881,-0.164546731581416,1.91492205106073,-0.791966007713511,0.463842014044329,0.430332657909708,MELJUSO,-0.711870739209
ACH-000147,0.0220575545427525,0.066434200426452,-0.610262510473645,-0.521684516160772,-1.47983165760909,T47D,0.0156982639785
ACH-000985,1.00106523887628,-1.71584161194291,2.14213628453632,0.915347132240732,1.71592401307402,LS411N,1.46022515845
ACH-000090,0.328252065273368,-0.757235243162972,-0.828749038177957,-0.386072701369315,-0.592658323836317,PC3,-0.735851173187
ACH-000865,0.269880990575802,2.99145691741107,-0.382526597210563,-0.0862111636586422,-0.425019724977014,KYSE450,
ACH-000473,0.581612321111779,-0.210292982881633,-0.428567312497182,0.490119411358813,-0.681694605947928,RT112,0.933830268711
ACH-000007,-0.946393215642639,-1.4095840183511,2.18897584798931,0.767174849140024,1.15365051649449,LS513,0.591737516764
ACH-000012,0.283310522338826,0.4067938464122,1.25941283637518,-0.182639256545549,-2.20604579466825,HCC827,-1.40781086876
ACH-000929,-0.374230377049443,1.42208638230834,0.083945789496053,0.559724973404319,0.70735556146791,NCIH2110,0.447215057971
ACH-000601,-0.660761325224498,0.963057692986824,0.171385087841466,-0.34858929938393,-0.297503327871938,MIAPACA2,-0.683026972518
ACH-000395,-0.266052787688803,0.841434382990413,-0.539431542321637,-0.694789549252186,1.72502344252907,NCIH520,-0.11342405919
ACH-000842,-0.619421971855783,-1.66496786659442,0.659460033250189,0.101332208577694,0.244127162354497,SW480,0.760202173112
ACH-000383,-0.926982128074675,-2.60005781108068,0.441958020089619,0.306152927252107,0.620491836020971,OE33,0.921042582164
ACH-000097,0.502433202850229,-1.03678500199204,-0.826958030316352,-0.166170791352097,-0.112478620857487,ZR751,0.21179101386
ACH-000805,0.111665963762609,0.468793675124491,0.0593572906477222,0.0040329564396473,-0.224675609643442,COLO679,-0.779079609279
ACH-000649,1.36086222137478,-0.120827133619718,-0.782471566755352,0.159778339199368,-0.352259610359205,786O,-2.79943731664
ACH-000276,0.457285871077133,-0.020701389403055,-0.929464559980046,-0.540955505989692,0.407680520666304,HCC38,0.736466095573
ACH-000347,1.15318127429773,-0.0560011184249845,-0.44905098707029,0.437439569235197,0.46045709352101,QGP1,0.653946770105
ACH-000454,-1.06990032058849,-0.347187978694907,0.0147690701475204,-0.0661836009955613,0.665222333411693,HCC95,-1.04802307916
ACH-000769,-2.03335081053009,1.97333888510812,0.0093259576008841,-0.460099556106755,0.99336102329061,LK2,0.761433954252
ACH-000617,-0.322246896046235,0.744449804980898,1.27782447202937,-0.0437993447724942,-1.25994304721335,OVCAR4,-0.989094868053
ACH-000582,0.437890032033294,0.385475448284909,0.2002264532911,-0.0563460845637876,0.253969719431872,COLO741,0.497676094147
ACH-000035,-0.785751549722703,-0.248270472384488,-0.427427472719702,-0.774617813269216,-0.567821943202263,NCIH1650,0.232238128144
ACH-000579,-0.0598816328174079,-1.27325312996331,-1.37781471614131,-0.390059929797346,-0.346135481079928,UACC257,0.806473651396
ACH-000916,-0.954583118316845,0.40864995517973,0.750327712141512,0.436316743861591,0.129746367792635,NCIH1573,0.676129978061
ACH-000681,0.0910301231684212,-0.80304091613864,0.61313998986246,0.56362813177013,0.495924726773133,A549,1.13040748642
ACH-000114,-1.01662439482946,0.89266782546084,1.06262476425587,-0.810665295757135,-0.614891371269993,SU8686,0.88788458746
ACH-000726,-0.315805574955985,-0.947826990696421,-0.306537621649678,-1.02601502378741,-0.417236665149569,TE14,0.42969796707
ACH-000481,-0.161716825283293,3.19445095949532,-2.21280412679503,-0.360313180984537,-0.437947892861776,NCIH2170,1.41558350711
ACH-000573,-0.398166179560182,-1.01970889282169,-1.55917025020491,-0.725748590005616,1.2300352448766,MDAMB436,0.68186962786
ACH-000925,0.87965151921924,-2.68960511364638,1.308125289071,1.39170473094192,1.36604523637371,DV90,
ACH-000532,-1.44278787827695,0.0355517935004501,1.89974980070766,0.891335439019529,0.119450311573397,SNU61,0.740875262426
ACH-000670,0.626404934455784,1.68180216956798,-0.17460171780397,0.767660916373974,-2.70854286242002,SBC5,-0.045919210057
ACH-000724,0.040226230955786,-0.372845602821504,-0.233365638946145,-0.785431978602936,0.756836793849779,HT1376,1.15943136218
ACH-000138,-0.646519143065122,-2.84579295788555,1.12982249026142,0.10574551152801,0.597245889804212,CFPAC1,0.850345937001
ACH-000587,1.16920869444458,-0.535747104652808,0.593561804440815,0.528048852094454,0.461853258858928,NCIH1975,0.0452115647431
ACH-000350,0.895322464475185,-3.49209273553057,-1.07298635789059,-1.19881135511087,1.65790631825193,COLO678,0.513901175099
ACH-000635,-0.843651687637174,2.25060850468265,-0.984051338910082,-1.36780229381386,-2.48478759608336,SNU119,
ACH-000161,-0.869355288298564,0.603526934514499,0.715961544565168,0.458073022029949,1.76199022062713,CORL105,-0.520312021805
ACH-000880,0.253382759505535,-2.21921547760543,-0.603409385046558,-0.240441646053082,0.603830491278808,AGS,0.907606113361
ACH-000374,-0.0503912739850336,0.254973747535396,1.15400847242155,0.0306887353368472,0.0621385510193172,HCC1143,0.313594683626
ACH-000403,-0.333199815661374,-1.8173129595122,0.143859854045252,-0.534864232480397,0.181449854477786,NCIH747,-2.73767529013
ACH-000416,-0.311040769046005,0.856111924903534,-0.424314491846131,-0.237379064899969,1.07438007443645,NCIH838,0.307267022457
ACH-000207,-0.202573409842159,0.956593588327016,-0.297913411316907,-0.116485117753868,-0.244189578288869,DETROIT562,0.48008318357
ACH-000685,-0.66589657488015,-0.870346207367618,0.444388437974463,-0.041620554582793,0.390363610403135,L33,0.592105231794
ACH-000356,-0.309850678587139,-0.242948326780718,-0.208396201229669,0.375751694952672,0.391568611284624,MKN45,0.635283749548
ACH-000678,-1.30347943511185,-1.49369111657803,-0.36402182389936,-1.1582972106237,-0.231245317347617,MKN7,-0.0476575040897
ACH-000888,1.95049841474089,0.978935177959877,-0.759986672513066,-0.160457456859351,0.819685607078247,NCIH1793,0.941957907979
ACH-000785,-0.51186378782154,-0.494931813932383,0.633814973187567,0.119231812434339,0.348006176505627,NCIH2126,0.810361244658
ACH-000447,0.337259417277696,0.297132173725653,1.54344487297008,0.404467613405454,0.460932450027965,NCIH2228,-0.765001945397
ACH-000853,0.824318240933761,1.65236567341259,-0.830304603783206,-0.0023315501139551,-1.29037872837065,NCIH661,-0.373534200142
ACH-000967,0.468872031036003,-0.809969783656167,1.19653855188294,1.07063393210533,-0.464972295496468,SNUC2A,1.27590330733
ACH-000605,-0.278212667311062,0.0071955990918946,-0.70851482154293,-0.396177445877309,-0.596701897764904,TE6,0.686385158322
ACH-000966,-0.453630850288695,0.141198989443774,1.24962943252168,1.00776513169762,-2.31513523784714,IGROV1,-1.03403349445
ACH-000627,-1.5137642211848,-1.04856461375614,-0.850905070915151,-0.867864609650036,1.72635348347667,LCLC103H,-2.48277919673
ACH-000750,-0.844989031074752,-1.06447593284026,-1.76279417497354,-0.74031764825376,-2.87749212708043,LOXIMVI,-2.85893885604
ACH-000910,0.734028956908469,2.2664451512655,0.168198689392194,1.122024673182,-2.91367542060509,MDAMB453,
ACH-000747,-0.0053234340760505,-0.0757975172206971,-0.180440422672526,0.656530830978015,-2.07595709983444,NCIH1703,-1.94266208193
ACH-000752,0.290988633509818,-0.40496032432349,-1.99510097940861,-1.8822353234291,2.63342997457259,NCIH196,
ACH-000886,0.37009606761299,-1.29215120701092,0.588317409498737,-0.531284843423786,-0.0697987269961633,NCIH2009,0.0913301116345
ACH-000671,-1.1412278442043,0.910067899071672,0.608841598886992,0.185224951801864,1.01515129792374,HUH6,-1.08751930922
ACH-000932,0.500262035189776,-1.69351053714375,-0.0168144076031533,-0.597711367236442,0.552000099827869,SNU1,
ACH-000900,0.580096858677503,0.415188213563649,-0.905386034493278,-1.14822828871477,-0.852235143048025,NCIH23,-0.798624259234
ACH-000159,-0.0698158020506583,-1.89231914565881,-0.0741671384005274,-0.242970850530706,-0.264357328932568,OSRC2,-1.42947562534
ACH-000680,-0.0586467442905942,-1.38428365608543,1.61200069361398,0.602701988376486,-0.292619054824617,SW948,1.49837262
ACH-000508,0.0867007670373144,-0.0245829489398912,-2.5940878755817,-1.48831406229914,-0.628327538414566,CORL88,
ACH-000667,-0.138369290154916,0.749377864698211,0.11148587541213,0.492341593893382,0.398727695362855,HCC44,0.401931473637
ACH-000924,0.271531233259357,-1.74793686771014,0.607135795560813,0.0468780839831779,0.347143015493391,NCIH2172,0.343224728704
ACH-000720,0.570212942487767,-0.249129880658525,-0.0521835996464793,-0.0818925001642276,1.49683819622741,TCCSUP,2.30440523497
ACH-000488,-1.0047615564567,-1.27459445076571,-1.23017429661584,0.0205589508445008,0.112776863821285,TE11,0.704503342288
ACH-000425,0.494011329397365,0.0606062458206684,-0.419632439251493,0.0318753649600363,0.526060717273564,UACC62,0.218823559975
ACH-000330,0.313774784467734,-0.252363756330744,-0.332070077663695,-0.362941921949757,-1.37501940656193,EFM19,-0.000936171102652
ACH-000239,0.63260981072373,-1.67705354408201,1.46652434652182,0.358739823526066,1.43362918421561,HUG1N,
ACH-000824,-0.115432465489507,-1.07118337550907,-0.842986966067302,-1.2684412877075,-0.159682658542378,KYSE510,0.581412865612
ACH-000463,-2.05563521098076,-0.961313181109587,-0.551628241432866,0.0241784027514129,1.42117664696711,NCIH460,0.469652893753
ACH-000343,0.0673945663517719,2.04846979220532,0.443724066208181,0.816657148588053,-1.28467990635496,NCIH522,-0.933914121816
ACH-000810,0.0710800074998464,-0.0965615446972035,-0.0951055592425176,0.503861416373263,0.167243715526694,SKMEL30,0.515050657966
ACH-000155,0.335031078838292,0.102731955598397,0.378358636881242,0.110517695292275,-0.28036371407838,SW1990,-0.788448183719
ACH-000052,-0.776592064792393,2.50288799159496,0.999423133163367,0.670259763912042,-3.24278829670589,A673,-0.00369217926003
ACH-000768,0.0448360367829088,-3.02398474311169,-0.0692703113358105,-0.297045182979314,1.36026400779449,MDAMB231,-0.241347933496
ACH-000542,0.0915287912127083,1.83933192170287,-0.693230068434178,-0.261797623701315,-0.0553439096183673,HEYA8,-1.50376859857
ACH-000380,0.134691005974925,-3.2279300577106,-0.527899824561926,1.58825795943566,-0.596374972991089,KMS12BM,
ACH-000595,-0.687382725413319,-0.231447885838069,-0.719039829452413,-1.04488394650392,0.34689230393964,LN229,0.560896900884
ACH-000957,-0.0565378520663152,-2.33686346284302,1.80723264246668,0.313183362967602,1.8044234376784,LS180,0.210829361426
ACH-000362,1.20208058575864,2.75018924218501,0.696864314681677,-0.446633843676874,1.15588964487328,MOLM13,
ACH-000053,0.233150834404603,-2.04391497714621,0.156883134994383,0.58936652408711,0.0337867430834599,KARPAS299,
ACH-000212,0.0837489476910824,1.61343702976235,-0.247368749380099,-0.293802519741828,0.612530996903975,CAL120,1.01773080577
ACH-000979,-1.91289381486404,0.720890455299803,0.845337455714422,-0.820027231739891,1.46356719145972,DU145,-0.689819317596
ACH-000096,-0.336148882403857,0.496760180853831,-0.0751521646400389,0.384443124733887,-2.61674324831692,G401,-0.0452598821749
ACH-000919,0.603055418538613,-3.44273286251742,2.43874872832004,2.73525501555694,0.266858549571332,IM95,0.879735645006
ACH-000909,0.82593201064857,2.41397176844454,-0.299374795667267,0.564141710084896,0.30969202120799,JHUEM2,0.469106830524
ACH-000315,-0.917282328674489,-2.33617353038482,-1.93692939776991,-1.26193742657957,-0.537934279911765,KARPAS422,
ACH-000878,0.161587580787707,1.24713317971103,0.143603375718484,-0.223224052622452,1.83431576904764,HCC15,-0.228900944692
ACH-000075,0.708933421426446,-0.694722540293869,-1.34512451344031,-1.22984324547918,0.275636502459443,U87MG,-1.63111534509
ACH-000222,1.87096773314153,-2.53510917586805,2.89279535445216,1.64435736898741,-0.786699039780029,ASPC1,-0.231624139133
ACH-000898,-1.04479225447422,-2.81536578497535,1.03448540481598,0.703808341047004,2.49726313872137,SNU719,0.427160001687
ACH-000662,-0.463289903760267,0.0106085481378915,0.678333431959824,1.00182264245131,-0.245814032269601,CORL23,-0.00784042095724
ACH-000831,1.60382667531083,3.25129195156567,-1.49501940939798,0.226843542325877,-0.286146669023054,HEC50B,
ACH-000479,-1.19063106709544,-2.04237125379377,-0.295992013370192,-2.67288872821921,0.808734502336762,KNS81,0.394539379903
ACH-000065,0.784644091459801,1.32599056730681,-0.403995987241412,0.600230620200808,-1.45086930768191,OCIAML5,
ACH-000318,-2.45261205618517,-1.90656716615001,-0.191599763378995,-0.727943726836464,-0.129190567490346,TE10,0.636346153038
ACH-000198,0.192211473310293,-0.0945760885688804,0.0445856380736229,0.457310985647182,-2.30199064142764,EOL1,
ACH-000677,0.795028389601054,-1.91803430228405,0.223721436345073,-0.114967871114536,0.942653586242653,SW1573,0.799736509734
ACH-000005,0.0033537389810446,1.76489437018974,-1.13894898690611,0.699224845854609,-2.19018456195708,HEL9217,
ACH-000404,-0.146394703428187,0.415712618225146,0.241328844113715,-0.550188562441729,1.80182727583729,K029AX,-1.55995285524
ACH-000132,0.289094533993656,-0.913329625435159,-0.0412190772442806,0.188222914161082,-0.339058747306472,JHOS2,-0.767106902211
ACH-000407,-0.483201567591052,-0.200035988772781,-0.993098379014227,-0.26732007523417,-0.553928890826554,SNU685,-4.10669886117
ACH-000001,-0.159664865261993,0.279454939086479,0.223237912204496,-0.756668654565791,0.161993525566373,NIHOVCAR3,0.514452792496
ACH-000410,0.607578368816576,-0.313157627347072,-0.633363670201616,-0.560630851814274,-0.0585085406189864,SAOS2,
ACH-000917,-1.17090501650157,-0.395918157945247,1.74299317090431,1.09222309207995,1.74610954503628,TE4,1.20633054787
ACH-000620,0.892452260333336,1.61350924305665,2.69965852806473,1.35416043298268,-1.76828037199149,JHH1,0.106203098407
ACH-000890,1.3951597084834,-1.8324822520534,0.22589428020499,0.425552667189731,0.950555269100118,SW1271,-2.91536317523
ACH-000367,-0.599697597684314,-1.23569101736603,0.491429021120583,-1.46061115413449,2.47473696207505,NCIH226,-0.114217385292
ACH-000054,-0.443914117201055,0.987045719009861,-0.945118303719415,-0.163450559362282,-0.0180761403634828,HT1080,-3.58306901716
ACH-000777,-1.18986985327689,-1.67374216875848,-0.16100954749521,-0.734353456701078,-1.74153858336372,KYSE30,-2.64323008773
ACH-000364,-0.035985693680467,0.642448554977846,-0.0034502858957329,0.237282419859431,1.48024131047916,U2OS,2.06929486961
ACH-000738,-0.262596837339485,-1.0017111041338,0.658506313483548,0.108394703783728,0.258472815355728,GB1,-1.97287462453
ACH-000672,0.0471514205379361,-0.49997258785527,-1.10121523591881,-0.174017654502364,-1.44079226159593,IALM,-0.850113051949
ACH-000644,0.905936942918511,-1.51841297985715,0.408122610889917,1.03252224042209,-0.0019451631086504,COLO829,0.868879739782
ACH-000378,-1.47306325247791,1.25340442976312,1.17589056399058,0.0039809244238076,1.08451539507499,NCIH647,1.56115375935
ACH-000091,-0.187678847631166,1.88839695243354,0.779278937375483,-0.231941093338507,-0.284467505356817,OV56,0.797636994904
ACH-000833,-0.806935533383874,-2.46880457330224,0.183599908986912,0.558078756016791,-1.43962357360297,RH30,-1.25620665123
ACH-000748,0.242624924400702,1.35259507485106,-1.54743682660248,-1.64658850794636,1.01766395267005,SJSA1,0.286224356403
ACH-000984,1.06813204143825,-0.425117312541345,-0.334319878271981,0.8332172581463,0.469198540767861,HEC6,1.10843009393
ACH-000421,-0.108564149894122,-1.54781551430423,0.186090371034354,-1.14976264654112,0.76237728776278,SW837,0.586106482327
ACH-000433,-0.677566136451429,0.963750763240091,0.761554510877036,-0.0144521675139673,0.316651190221965,CAKI1,-0.481813788611
ACH-000281,0.391726797160711,-1.85722585077316,1.00311987737898,0.599586247854811,-0.0721107306179221,KP2,0.663962648814
ACH-000486,-1.34903063140198,-0.0391730754843873,0.172702819964023,-1.00119978814646,-0.134956570344264,KU1919,1.30065020756
ACH-000879,1.83260376550193,1.86284548524309,1.67396333324043,1.12167574469319,-0.0657884780267227,MFE296,-0.0108726227542
ACH-001075,-0.83996406782718,-1.99173811824511,1.00659056683047,-0.94354318352059,0.629219675407837,NCIH292,0.45081010442
ACH-000388,-0.57973676028464,-1.94114220199683,0.385683273950968,0.818742601118695,0.295992866809315,NUDHL1,
ACH-000158,0.93114569205955,-1.89365371011865,-1.65013548394164,0.794311082561774,0.189101492170554,OCILY3,
ACH-000039,0.814303581536859,1.90398310576861,-3.21550555703712,-1.98494822924831,-1.13504643870459,SKNMC,
ACH-000867,0.90329226415326,2.02451738063687,-0.0344223420172651,0.528423741989338,,CHAGOK1,
ACH-000117,1.33020442802016,-1.60932111869547,-1.03256996419537,-0.293618763414675,,EFM192A,0.441384745736
ACH-000946,-1.61701570113356,-2.83272564754096,0.92654763509401,0.207408121219548,,HEC265,0.513020041367
ACH-000164,-0.906389986377148,0.216235244037602,-0.825612899894672,-1.45895918107137,,PANC1,-3.28635997178
ACH-000188,-1.72779597910306,-2.02993422095845,0.153686712294321,-0.57691325348635,,SCC25,0.128501586408
ACH-000242,0.0756509680501813,-1.31719100416945,0.700730974832341,0.0337549468717365,,RT4,0.131101701821
ACH-000018,0.481912431202358,0.714420538031269,-0.146491685175191,-0.0113493818060881,,T24,0.134325436406
ACH-000387,0.632438050044897,2.27137312682816,0.662549566985046,1.01976403775839,,TF1,
ACH-000008,-1.05409363932246,-0.444201572598425,-0.370510398197316,-1.28337210617849,1.40571534918173,A101D,0.557320155377
ACH-000211,-0.983273967031296,-0.665306134149632,0.442655494252706,-0.27801335169984,-0.649340848841958,DAOY,-1.29791105039
ACH-000151,0.836988931045855,-0.877130245302508,-1.21003915719251,0.869042481507558,-1.7957051420167,JM1,
ACH-000728,0.043676280259311,-2.19020355380842,1.09614728253002,1.24667113631138,-0.590663225711546,KASUMI2,
ACH-000607,0.744010048982766,2.18764691306542,-0.863357016690244,-0.817812220162869,-0.857838923673649,KYM1,
ACH-000809,-0.0553553278438393,-1.05583138138453,-0.365169202713079,-0.917327826186828,-0.968307672332983,KYSE410,-0.925956603803
ACH-000895,-0.424743732652507,-1.82019013718559,3.18722042407463,1.46238919038511,2.69695334519412,CL34,1.60392576223
ACH-000800,1.38196543425292,1.40140492048486,-1.24242647248326,0.0897115584761511,-1.79026046251742,NCIH446,0.215992874036
ACH-000260,0.0221361776985873,1.64590600262717,-0.565320115696132,0.211411585502582,0.469827041342355,SKNAS,-0.101346056641
ACH-000243,0.644623340227221,0.342506801570123,0.917865860519083,0.573690886227207,0.395966968706122,DANG,0.0488771827889
ACH-000622,-0.0142234843258914,0.0246577813731754,0.298092710979417,-1.09165948387149,-0.222364727147112,KNS42,0.581092364938
ACH-000990,-0.0594449228256025,-1.59576978837468,1.14558870701331,-0.667311514605342,-0.304457743042204,HEC108,0.286070159789
ACH-000357,1.22869107701762,-0.232105408604639,-2.14236787013936,0.447432641115354,-1.59516845390115,JEKO1,
ACH-000995,1.09174534783149,-0.577930167755364,-2.14826642895671,0.344267288890141,-1.34373912617177,JURKAT,
ACH-000335,-1.83598438875179,-0.0288627465155216,-0.329210876528869,-1.01460022123681,0.111448742019379,MSTO211H,-2.692338813
ACH-000963,0.293541988614394,0.337633311523316,2.15155908082812,1.21342132288449,0.390962348244946,CCK81,0.453075934687
ACH-000420,-1.03920014998048,0.139509155841568,-1.23554330857791,-0.205011778519929,0.672004264151029,SNU449,-2.13878216599
ACH-001307,0.68491402983271,1.33615335772235,-0.688599044752747,-0.367002826705439,-1.34026164371052,8505C,-0.310716337377
ACH-000235,-1.20908897867906,-1.86740627219684,1.33855518731424,0.0322516165251971,1.07654849162293,PANC0403,0.232161568493
ACH-000396,-0.58612140739781,0.127272689310666,-0.0700447323968394,-0.0580607558931927,1.14188619849462,J82,-0.312414549323
ACH-000476,0.574415284176031,0.187848490193037,-0.301366083090793,0.997555918185529,0.252201174476568,JHH4,0.452102468797
ACH-000371,1.2547109547561,-1.267065829977,-0.960052652543927,0.256371913813877,-0.34777442247013,RL,
ACH-000970,-0.437505531199862,-1.03714888522281,0.37286194977593,0.215951583549713,1.20498596852782,SNUC5,0.267837137126
ACH-000309,0.256453587392493,0.412542040580938,-0.314461767527843,-0.758799848921712,-0.289655922871478,SKLU1,1.2191042
ACH-000961,-0.257745721034875,0.237976747619561,-0.360532151630248,0.130560761000455,-0.624606242761303,ISHIKAWAHERAKLIO02ER,0.510549477966
ACH-000974,0.448376780687145,0.587286599548858,0.448773561190253,0.686538538853889,0.589506995192763,SNGM,-0.665798997594
ACH-000098,-1.0206334976561,-0.689188413590659,-1.69409634971125,-0.859523054965069,0.399529117410368,GAMG,-0.0924283610144
ACH-000042,-0.0047333103889987,-0.0609642618574164,2.2761640059419,1.02943117726766,0.201207595607934,PANC0203,0.869627855215
ACH-000922,1.13381297581467,-0.616187172973513,-0.402190345090762,1.51445486390638,-1.44229562896742,RCHACV,
ACH-000493,-0.935388029668076,-0.901661377800898,0.618180913473457,0.059831544356628,0.0788941195674735,SNU423,-1.12740674587
ACH-000209,-0.400964566337387,-0.0740732887966944,0.333648622949864,-0.589584082843028,0.666615377033144,SNU1079,-1.03886197659
ACH-000201,-0.400155977046148,1.40564058250109,-0.594753689832675,-0.807200140051036,0.390328320449321,A204,0.411352811237
ACH-000535,-0.345097768716821,-1.4299761343201,0.302306595288294,-0.519644450068267,0.810357645611353,BXPC3,0.466306016205
ACH-000511,1.61903020277668,-1.80903742132573,-1.00944101840586,-0.426482048376896,-0.46937535145821,CALU1,
ACH-000996,0.0203331776468787,-0.375235065824357,0.804591741631295,-0.0349882447178865,-1.74831844608333,HEC251,0.274647569681
ACH-000004,-0.308049070720799,1.06032765305804,-1.27944677382352,1.45190557604243,-2.19405576568863,HEL,
ACH-000693,-0.639973926145951,-0.0373242645826661,0.158047922112485,-0.138831190372236,0.55396135566395,KYSE180,-0.0694514234108
ACH-001129,0.188633077075725,0.506656580172307,2.02615892209801,0.0955585581692043,1.75104777607581,MONOMAC1,
ACH-000376,0.678309642742376,-0.48183461356473,-0.639904306910675,0.425743293407271,-1.2650198157975,SF295,0.750568263447
ACH-000730,-0.254963322188708,-0.584933718486735,0.1246896499961,0.453246245787687,0.230473844797032,SKMEL5,0.190645262472
ACH-000030,-0.146997600019548,-0.640867453000236,1.84402751654671,0.318565728646536,-0.306948891150643,PC14,0.973658935231
ACH-000563,-0.580779726970129,-1.16357132546641,0.164100292780592,-1.04105785948071,-0.256229712194066,EBC1,0.771785354408
ACH-001190,0.748159749927117,-1.42630071401814,-1.28424491816372,-1.40718617623323,0.0292921988778825,SKMEL2,0.553455881275
ACH-000987,0.307888616553703,-0.120749617823376,0.25860840774039,0.60825993749098,0.319706015398953,MEWO,0.50248417947
ACH-000632,-0.753217531235754,-1.0686656777812,-0.581401640723872,-0.119343490583506,0.593864581195501,HS944T,0.171424664016
ACH-000848,-0.359932723864424,0.850342662099601,1.39650855253716,1.29188947298597,0.249733873412464,JHH7,0.174108588413
ACH-000614,0.938663297643468,0.975244867511282,-0.771389685376701,0.120281544007741,-0.0973130264351116,RVH421,0.0901714685816
ACH-000555,-0.0273069378461982,-0.179024190032826,-0.0096886548714796,0.159709039548035,-0.306369655325875,A498,-0.0270993697829
ACH-000070,-0.325193375662907,-0.282962106196376,-0.231797049176993,0.13869562252682,-2.03909583944578,697,
ACH-001306,0.639373524811287,0.95301210822885,-0.370653102107447,-0.0587695797798775,-0.52548418098454,8305C,-1.61701949313
ACH-000882,-2.47504004197858,-2.02795591256039,-0.528835051093135,-0.14236577745288,1.70309853728248,IGR1,0.129283768789
ACH-000652,-0.0813484460535268,-0.249756231449886,1.68978946925957,0.67154458785958,1.91736879458728,SUIT2,-0.0490064282529
ACH-000819,-2.40614905807794,0.356274769474775,-0.509012685086648,-0.866652910461523,-0.22459270441365,LN18,-0.00142702179624
ACH-000977,1.30856867931489,1.8682361515645,0.987126674270119,0.413725796236577,-2.18202920634916,LNCAPCLONEFGC,0.736710275317
ACH-000945,2.34828718039693,0.991705451376596,-0.756984674430814,-0.386622471547417,-0.248240977956663,NCIH650,-0.143701807213
ACH-000954,-0.279446096047578,0.0643890479585102,0.153652401627672,-0.0833053007211661,0.0489050264582448,HEC1A,-0.544375692941
ACH-000118,-0.135465736472236,-0.185577115848308,-0.823994281391721,0.0369714112258148,-0.0181272504937874,HUPT3,-0.53512310485
ACH-000576,1.89659212815208,1.97087656393902,-0.446352224809628,0.57816596116653,0.450545852003047,KMS27,
ACH-000787,0.444823340255608,1.12864583825329,-0.655234430412829,0.234196530549108,0.737463682962033,LXF289,1.44450555973
ACH-000832,-1.01710332769073,-0.799026422251463,0.260813405419053,-0.466534268024454,-0.0807196611378905,CAL27,0.138048254744
ACH-000701,-0.747974115568191,-1.37379865856122,1.63114709993252,0.416277132001342,-0.620943916960977,RMUGS,0.170506777905
ACH-000368,0.0643638407875199,-0.933256972075099,-0.774814620950063,-0.743219868161084,-0.0128750504795502,SNU1105,0.482032099059
ACH-000518,-0.749242037281188,-0.73316776310571,0.133270620318306,-0.124710753146613,-0.235431349067152,CAL33,0.0118811315078
ACH-000406,0.678354763727351,0.0490062332135326,0.524394439710919,0.128628571139439,-0.577201735982116,U937,
ACH-000429,0.40780622650314,-2.19517038785041,0.158003522692227,-0.643158270180673,-1.3407746601211,A704,1.60147665116
ACH-000899,-0.143122505632937,-1.22578400509153,-0.249790781654549,-0.62961183410657,1.20792721381828,WM88,0.657581264281
ACH-000714,1.30659913206101,1.95860920193905,-0.853919889741148,0.222512404322396,0.615768038541099,KMS11,
ACH-000938,0.760131740095976,-0.532893590427148,-0.603649022888682,2.07017308068687,-3.2126768269829,NALM6,
ACH-000153,-1.80008151281141,-0.970024310865995,-0.181900672803025,-0.785337248237659,1.44055474800372,NCIH2052,-0.334175830297
ACH-000291,-1.23295562552389,-0.27449680985304,1.58857544893387,-0.335161105582841,2.6676678341639,OV90,-0.793206765165
ACH-000087,0.443784553045049,1.5316549704282,-0.599251162786779,0.761609686811401,-1.35843763249769,SKES1,0.504436167308
ACH-000192,0.500306691623886,0.804834682172923,0.927606648614651,-0.0941966058745912,-2.24880867455943,MFE280,0.604409495355
ACH-000624,-0.734075389614527,-1.73636360775054,0.775971025301709,0.0328176377182914,0.46590411754853,HCC1806,1.38088495525
ACH-000202,0.898849049428721,1.77508097631218,0.718723690948389,1.57497788349929,-0.0833832604587365,COLO320,
ACH-000015,1.61413539804291,0.295321603362635,-0.382021696150848,-0.0369590420505602,-0.008659601690755,NCIH1581,0.101161169709
ACH-000496,-1.25154409197038,-1.05340755860096,-0.325314159866726,-0.224026143445715,1.37586505164271,NCIH1792,0.599500480262
ACH-000553,-1.65826502502024,-1.18419924912215,0.557048500342621,-0.684053659950902,1.10716720844537,SQ1,-2.43883087569
ACH-000657,1.11313377218623,1.79271015865445,-1.69343663118986,0.731098716154898,-2.64597216964042,A2780,0.178848937878
ACH-000351,0.650999028820623,-0.687833137214959,0.250593157611885,-0.653275481859921,-0.215044792626818,MKN1,1.4525950752
ACH-000794,-1.98798538138731,-2.01257716753654,0.717349703724849,-0.7025903959131,-0.674765112335959,BICR22,0.0397818949299
ACH-000699,1.01436630917177,-0.0704853139914614,-1.40818204610898,0.09956514395556,-1.53917825321495,HCC1395,-0.00698924586533
ACH-000852,-0.305032686500266,1.83302372792173,-0.348142347925861,-0.372637097868135,0.988229728099732,NCIH1435,0.159295097773
ACH-000869,-1.2900124999999,1.48415224051764,-1.42089840364523,-0.930090921066324,-0.672400439427259,NCIH1568,-1.67223690418
ACH-000414,-2.33503966236515,-1.17177291109886,1.35519555703698,1.45023802167655,1.76231732172169,NCIH1944,0.0630777460817
ACH-000638,1.11019118713223,2.01488352547502,0.270335363207387,0.179135821486258,-1.18310974316274,NCIH441,-0.353104055055
ACH-000524,0.0331549529207653,-1.0964668690088,0.036117344201293,-0.566167814326504,-1.32238764013748,KURAMOCHI,-0.428877019426
ACH-000793,1.71465828266868,-2.68068180579097,1.700042010116,1.58975896025312,2.07149013984872,KATOIII,
ACH-000741,0.45351043183582,-0.142795929864271,-0.251763280842889,-0.914462471506013,0.178454734429422,UBLC1,0.620812876055
ACH-000988,1.17964357849376,1.74418546024228,0.256546511423935,0.237589427506583,-1.53081300863658,MFE319,1.4543552151
ACH-000190,0.0845445687376752,1.876512424596,-0.395034917739949,0.436054514393476,-0.220478491994885,HDMYZ,
ACH-000643,-0.193164877516979,-0.24103292407106,1.11909926788927,-0.287894797576946,-0.352668719357828,HDQP1,0.332863671915
ACH-000217,-0.464697389717558,-0.347609271805952,1.28301698402304,0.55417457519393,1.87311626864264,JHH6,2.1598080483
ACH-000255,0.447966724308255,-0.466428724641477,-0.57420011772532,-0.564672893731903,0.117309528964865,LMSU,0.0556032863899
ACH-000213,-0.710595718351941,-0.179934919337339,-0.119932422726833,-0.463208788546723,0.477896408128673,HUPT4,0.5965163464
ACH-000883,-0.358984393464157,-1.70884633269672,-0.0016049725440938,-0.436908604572583,-0.46793308132986,SW1783,-0.300121686762
ACH-000375,0.0890780522022192,1.33111921026013,0.42050932947224,0.581031533562036,-2.17322020411497,G402,-0.767398303785
ACH-000040,0.168629799850568,-1.18852545859842,-0.438166631135503,-0.676895592938154,0.422867964813722,U118MG,-1.42362258425
ACH-000855,-0.494952309555853,-1.69634932714348,-0.407080251225725,-0.0623343264144163,0.537494780788868,KYSE150,0.0893402303955
ACH-000427,-0.36544487317785,-0.748791464749776,2.15999140538762,0.502229724246213,1.03610080902979,NCIN87,0.956455937238
ACH-000400,-0.252942917116212,-0.53366876366638,0.551250203038293,-0.438375591361179,1.94814988026109,SKCO1,0.884433054635
ACH-000365,0.369473085930125,2.03717937929302,-1.86874734837029,-0.0346793109326753,-1.4191731397156,SUDHL4,
ACH-000411,-0.327989197238195,0.100385852883546,1.22567003405649,0.108653871565365,0.682895290454801,769P,0.442065530067
ACH-000580,0.6458359305779,-1.27508552430575,-0.544873308278925,0.0393866357086058,1.14108500396914,C32,0.716807518238
ACH-000994,0.26762610073324,0.208149166854087,0.180526383984037,0.301437885643833,-3.10256429170594,HEC59,-0.166191902468
ACH-000551,0.542853537459708,2.4031928930162,0.429782277014266,-0.270572783216192,1.24327162333498,K562,
ACH-000911,-0.259898108218077,-2.09473666116847,-0.334556000966278,-0.800933667627269,0.340015194721754,NUGC3,0.986198957393
ACH-000169,-0.934187472012707,-0.491158889309453,-0.897917368118527,-0.447219819801064,1.05534101450191,RD,-2.2220937724
ACH-000782,1.14472417101961,-1.46589382289542,0.667639879348107,0.625834936450512,-1.02473402333626,SEM,
ACH-000790,-1.4422737783532,1.04532651146924,-1.11181526355621,0.253625041647259,1.08373930969105,SHP77,
ACH-000424,0.895892895808756,1.23329386853204,0.0813620935337531,0.47747312231475,-2.26408462111142,TC71,
ACH-000223,-0.385565379816561,-0.854947562253592,0.548924400033541,0.0634941804222381,-1.48435808701516,HCC1937,-0.945372784183
ACH-000997,0.513687684074777,-2.04122311271289,0.768330470747492,0.438607025377974,0.743773308974832,HCT15,0.288742741297
ACH-000784,-0.657963823629339,-0.60001988956894,-0.536064061087306,0.0729645245319239,-0.487513618804272,KYSE70,1.15317781641
ACH-000666,-0.941030441991176,0.746228821240942,1.10519794809396,0.301245117525104,0.0464805430663894,NCIH1355,1.05224657274
ACH-000589,-1.07455837357375,0.885538330454712,1.98928756401396,0.454436118054048,0.663928613734799,NCIH1437,0.316405734077
ACH-000311,-0.945846067328408,1.81329913622362,0.524652842581151,0.650024053050944,0.858529663874367,NCIH2122,0.277517827787
ACH-000495,1.47679059121442,-1.65881420121135,-1.33803129495805,-1.01193943145725,-0.509716147219564,TUHR4TKB,0.918502652573
ACH-000827,0.401759249441041,-0.142034251563586,-1.55166763556735,-1.06555669713731,-0.17387207147295,WM793,1.52055079949
ACH-000521,0.582366093878266,-0.967368534094541,-0.641378370500301,0.295650586246114,0.692863160395939,NCIH2030,0.597389021513
ACH-000956,1.25785965351778,0.190753195551548,0.187025819135288,0.289427617846136,-1.99024205851626,22RV1,0.982319114742
ACH-000558,-0.396253781938943,-0.649829690393082,-0.250992722383232,-0.46812126241046,2.01886861314749,A172,1.06764621199
ACH-000264,-0.435283532621665,-2.00268448723056,1.45836372282723,0.52349708797774,0.732336636261586,CALU6,-3.97918570767
ACH-000846,-0.808034738976768,-1.78756964536391,-0.661329338155719,-0.410704090739156,0.3609911206948,FADU,0.403161734391
ACH-000265,1.36857375842724,-0.66800429368686,-0.206916970850654,0.804840918742955,-1.59225861576761,KP4,-0.355351831762
ACH-000006,-0.601022747236538,0.16158663681938,0.15896900569162,-0.275929768745605,-0.618315826891014,MONOMAC6,
ACH-000696,-0.12208923615634,1.54973173237518,-1.01712781381301,0.70050628300645,-0.0275057069474636,OVCAR8,0.593059434031
ACH-000146,1.22787180015281,0.0270665963382936,-0.103603559693729,0.367933867797849,-0.889931753716849,THP1,
